ticker,exchange,avg_price_volatility_5d,avg_price_volatility_20d,max_price_volatility_5d,avg_price_momentum_5d,avg_price_momentum_20d,avg_volume_ratio,max_volume_ratio,avg_volume_volatility,volume_trend,avg_pv_correlation,min_pv_correlation,avg_hl_spread,max_hl_spread,avg_hl_spread_ratio,avg_rsi,min_rsi,max_rsi,total_return_6m,max_drawdown_6m,sharpe_ratio_6m,data_points,missing_data_pct,anomaly_score,is_anomaly,anomaly_probability
CTTRF,PNK,0.006556073199954877,0.013112146399909754,0.15734575679891705,0.014659825340563676,0.0586393013622547,1.9047619047619047,20.0,44957.04740206046,inf,1.0,1.0,833.3271414171279,99998.99670486186,9.999765765072118,100.0,100.0,100.0,0.3518358081735282,0.0,0.09128709291752765,120,0.11413043478260869,-0.3275204319538763,True,1.0
EVTWF,PNK,0.0,0.0,0.0,0.0,0.0,20.0,20.0,11.858541225631424,inf,,,0.008074324327158882,0.9689189192590659,10.0,,,,0.0,0.0,0.0,120,0.13007246376811593,-0.32418483346521815,True,0.9924794396848007
BKGM,PNK,19.421039394445692,33.63240544734843,273.4960880433618,12.090157182505733,-4.830526205520624,1.8822459681487358,20.0,25.653970245213262,inf,-0.033313593983533195,-0.7355443526371569,12.531025770400873,499.0,0.6401496483725206,74.13931734040253,2.502135611840572,100.0,-285.9687576919876,-0.2889844809753355,0.13841265027308075,120,0.04963768115942029,-0.32143553590127777,True,0.9862807745204086
DBVTF,PNK,0.0398444318791491,0.06870554202950764,0.48768401063455563,-0.08607413003328333,-0.28351699023845817,1.0632885632885634,20.0,26359.81370325386,inf,-0.996215748982545,-1.0000000000000002,233.3716969127659,27999.000230502344,9.980642054133103,0.0,0.0,0.0,-0.9999642857145797,-0.9999642857145797,-0.15760987789799058,120,0.08659420289855073,-0.3126117462683005,True,0.966386341071936
GNVR,PNK,36.26790110405704,21.941259965598896,1117.58680339831,120.8115041295202,143.62668054341046,1.7710965399992904,20.0,1562.962660157544,54.65,-0.5380582529791884,-1.000000000000003,0.10262464472489052,1.907142901542236,1.1323812999474556,15.799111501524008,0.0,100.0,-0.5,-0.9999500000012631,0.10164401090056385,98,0.09006211180124224,-0.3097197054719632,True,0.9598658418821125
ARQQW,NCM,0.004946545041619136,0.0076052318970081575,0.5935854049942964,0.011060810966824914,-0.011890009079070011,20.0,20.0,603.241356916487,inf,1.0,1.0,0.007063639406973367,0.8476367288368041,10.0,50.0,0.0,100.0,1.3272973160189898,0.0,0.09128709291752768,120,0.1289855072463768,-0.30830857972093834,True,0.956684267013615
GFSAY,PNK,3.5533698938722565e-07,9.636803327587624e-07,5.40052124793354e-06,7.94557663189958e-07,4.309709465259252e-06,,,0.0,,,,0.008333304456733859,0.999996534808063,10.0,100.0,100.0,100.0,2.1841686833390384e-05,0.0,0.1427160623861587,120,0.11775362318840579,-0.3058491725548235,True,0.9511391991658836
HCIIP,PNK,0.0,0.0,0.0,0.0,0.0,,,0.0,,,,0.008333333333333333,1.0,10.0,,,,0.0,0.0,0.0,120,0.13043478260869565,-0.30346604938617266,True,0.9457661239623397
GCGJ,PNK,0.0,0.0,0.0,0.0,0.0,,,0.0,,,,0.008333333333333333,1.0,10.0,,,,0.0,0.0,0.0,120,0.13043478260869565,-0.30346604938617266,True,0.9457661239623397
FKURF,PNK,0.8071330401996711,1.5086169494720627,14.97291795490658,1.6049879835457774,8.87696725727025,1.2011191925623133,14.545454545454545,2726.4912446624844,1.0036,0.2682696823359026,-0.9881593347046769,0.04508981361460995,0.3880925713920407,1.0114726291369884,51.874036277476584,0.0,100.0,-952.5172015846796,-74.65912828545562,0.09670601935058501,120,0.0018115942028985507,-0.29927041071932453,True,0.9363064861305972
GNOLF,PNK,21.987260222381277,36.43214497203592,446.8782841708469,38.968517687020146,19.17153429589941,1.193136172562108,11.724606185942681,278920.35273021855,8.06363520033722,0.1287552489167516,-0.9999999999302311,8.646850718863885,999.0000029103832,1.0009599720651305,59.78515642480571,0.0,100.0,13.799999301508102,-0.9995000000014552,0.10609431298115726,120,0.030072463768115943,-0.2964579890539158,True,0.9299654990968166
GNTLF,PNK,17.73375997349558,35.4867536903929,406.2102905333543,19.23753879588785,27.72927751940509,1.1029487622966239,20.0,11.30485265292716,10.0,-0.23943125093155454,-1.0000000000001608,0.050000001552204326,6.000000186264519,0.7792207926039265,43.973992960126516,0.0,100.0,5.666666401757145,-0.9998264984278288,0.09509591758423337,120,0.06557971014492754,-0.29328381807771026,True,0.9228088990568304
EVOH,PNK,0.0008116391114823885,0.0016232782229648002,0.019479338675577326,0.0018148802264725445,0.007259520905890178,1.9047619047619047,20.0,0.6877953910866855,inf,1.0000000000003424,1.0000000000003424,0.008391304011794104,0.9652173907860465,7.2830206757982205,100.0,100.0,100.0,0.04355712543534107,0.0,0.09128709291752768,120,0.11413043478260869,-0.28818317275782995,True,0.911308800677175
JOCM,PNK,0.0,0.0,0.0,0.0,0.0,0.0,0.0,1.1712139482105108,0.0,,,0.015873015873015872,1.0,8.571428571428571,,,,0.0,0.0,0.0,63,0.19392684610075914,-0.28767120466128543,True,0.9101544989941
BRPSF,PNK,0.003821638553411816,0.006219265276532442,0.010467976939024654,0.008545443590862782,0.03538456876216473,0.0,0.0,1.071958528870637,0.0,,,0.014705882352941176,1.0,8.676470588235293,100.0,100.0,100.0,0.12264409366010587,0.0,0.28185368929031546,68,0.15409207161125318,-0.28267298869354657,True,0.8988853415155889
EMRH,PNK,21.347001867061163,29.138907216982307,446.8783008308483,18.12121175934919,24.397012904444132,0.8433292719166818,15.890843957433358,1217.9147883423075,0.028169014084507043,0.052651806820822815,-1.000000000037872,24.06517556829421,999.000040163287,1.3440516873123425,45.77232654697045,0.0,100.0,0.0,-0.9990000000401633,0.10352519950697218,120,0.010144927536231883,-0.28128666965530075,True,0.8957596967538805
CAPS,NCM,0.0805222358481344,0.10434325889802472,0.3841937240864496,-0.08641128493782528,-0.3499660694424481,1.741720738491757,20.0,2868664.3905576714,725110.5,-0.2194293009135654,-1.0000000000000007,0.16121433574836205,6.065502434368257,0.9560019616951333,20.127600018053222,0.0,100.0,-0.8587500005960464,-0.8624999970197678,-0.1005932578829606,120,0.013405797101449275,-0.2793167112116511,True,0.8913181575985298
HAPVD,PNK,2.3150225669007868e-08,4.2107218425141153e-08,4.2596407924379954e-07,5.176547829036214e-08,1.966420458150574e-07,0.0,0.0,17.693696431894505,0.0,,,0.019607824461103335,0.9999990475162701,8.23529411764706,100.0,100.0,100.0,1.2382303820057672e-06,0.0,0.17709174828269086,51,0.19607843137254902,-0.2734206650705829,True,0.8780247199213413
BMH.AX,ASX,0.03467417336719681,0.05183318943969151,0.3358433257173221,-0.06268737008486247,-0.24602974664592833,1.387947049592759,20.0,37115.06044237353,712173.9999999999,-0.37912422071601926,-1.0000218189852264,0.031912198944473856,2.0227273189085575,0.9905935717636426,12.998376924720517,0.0,100.0,-0.8900000022351742,-0.9100000052154064,-0.16927585917555107,120,0.036231884057971016,-0.2722994193914468,True,0.875496719088276
BAKR,OQB,2.8791181451047576,1.8991806329955547,178.41588227741696,7.72903214270069,10.195744528668994,1.0666666666666667,20.0,15.535143355815693,0.58,0.27802533089926074,-0.11061600498073246,0.017375621889991248,0.9974999999627471,4.039222724046441,100.0,100.0,100.0,478.99999284744274,0.0,0.12315412522147254,67,0.17131732641142117,-0.2694852792768983,True,0.8691518575772619
HCIL,PNK,18.849758008228786,17.04648870573105,446.83338598098754,23.542176873175677,1.2570584059001164,0.904709541291344,11.403508771929824,4175.249162451736,0.1711954615161022,0.07093432396090114,-1.000000000000955,0.3543068422448164,5.593361279090963,0.9942876403177832,42.712406387382586,0.0,100.0,-0.8876404459579411,-0.9999283154130172,0.09145590014539247,120,0.00036231884057971015,-0.2676339864762786,True,0.8649778662484209
BINI,NCM,2.8646745220697096,1.553814978252625,79.68633482347694,-0.22920975415643047,-0.9136580382366567,7.631779385922305,20.0,5871635.059440942,inf,-0.022496390367733453,-0.6807760931123219,0.7944453002200091,5.083333333333333,1.0566219608729022,15.66531652851744,0.0,46.59649127917037,-0.9999999999995758,-0.9999999999999728,0.07915999228236031,120,0.060144927536231886,-0.2670888272436756,True,0.8637487306362902
CLCS,PNK,13.374853271971203,26.464344090182138,217.57371248568106,30.753200573441752,247.59772862805178,1.1923861965395124,11.956966842910308,36914.03306801718,1.1757788611067428,0.2335311457672734,-0.6234558307762761,16.997714332011018,1999.000080326574,1.0004749993061015,57.2918254643568,0.11990407371199296,100.0,599.0000026609217,-0.999710144933857,0.12217359337609762,120,0.0007246376811594203,-0.26605466865763133,True,0.8614170794953413
APVO,NCM,0.16043218738104725,0.17310030931761297,0.41979850779357175,-0.28072589130050346,-0.7413203229241958,1.9155480812573735,17.647183355796674,6188285.699977114,610001.6112084063,0.01169031057039626,-0.8949262853437497,0.39865212306518316,4.7775149915836295,1.0143878222283895,21.36764211324011,0.8437271650357872,47.60597685560238,-0.9999669735114762,-0.9999712948257391,-0.32648176456077677,120,0.0,-0.2646411386638013,True,0.8582300839345481
CPPMF,OQB,24.243388629596474,20.271123712187325,446.0882987642017,215.8542603429958,2572.381395344295,1.1176865542852108,4.508888908705119,164710.58098741216,2.250878147654792,0.04263116730076495,-0.6289403557070515,717.0793369327642,69999.00047475623,1.299191739680586,50.909434436534355,15.94301293188721,85.06097641309798,1.425714252566805,-0.9999900000001742,0.10638764247978177,98,0.05989352262644188,-0.2606056478296443,True,0.8491315211660057
HMBL,PNK,0.4535314631422725,0.6444091870010259,4.820197589967933,0.05488305760653527,-0.0675339712007793,1.19517910767467,7.046677407432151,599916664.0961909,3.511190677410663,-0.1450060160312094,-0.9068681527793774,0.48193513336512483,2.0000002182787338,1.024822392870673,37.96190412729722,4.761906081806302,88.46153691163042,-0.9117647028611942,-0.9705882364270522,0.09014447319064182,120,0.0,-0.260472001430129,True,0.848830197187151
EMICF,PNK,0.004209575703504358,0.006783577167065508,0.010944903951577187,0.009412897429467245,0.040428749516129577,0.0,0.0,14.373989364401725,0.0,,,0.03225806451612903,1.0,7.096774193548386,100.0,100.0,100.0,0.0495460204662288,0.0,0.26276913640606214,31,0.23422159887798036,-0.2559955012100093,True,0.838737318796396
ECXJ,PNK,16.36335979858587,14.946730614334092,357.3236888357244,36.50625272432138,2671.4166195813596,1.7505750901220196,20.0,58.77477509632486,inf,-0.017108294363495112,-0.9999999999999842,0.016592757931366768,0.9987500000909495,1.8134358290065813,41.666666666666664,0.0,100.0,0.5217390665860766,-0.9999855072466929,0.1048110679172678,120,0.1036231884057971,-0.25450895680237423,True,0.8353857023123212
ANVI,OQB,0.0,0.0,0.0,0.0,0.0,10.0,20.0,0.6657426652986062,1.0,,,0.0,0.0,,,,,0.0,0.0,0.0,104,0.16847826086956522,-0.25305596402174074,True,0.832109732533147
HMELF,PNK,0.0,0.0,0.0,0.0,0.0,10.0,20.0,0.5802344330584183,1.0,,,0.0,0.0,,,,,0.0,0.0,0.0,118,0.16396462785556373,-0.25305596402174074,True,0.832109732533147
CFSU,PNK,2.1108050456980108,3.6962315045139666,21.913466244576085,4.082301376356064,35.24613632947476,0.9277275464777271,19.836770004856092,124506.19421788429,7.826956025128498,0.05246732174967076,-1.0000000000000286,1.1132557338253712,45.00000218278734,1.0044072825816905,54.588879792565855,0.0,100.0,458.99996662760935,-0.9782608705967804,0.16550839792876526,120,0.007608695652173913,-0.2506785022812084,True,0.8267494217890488
AIPG,PNK,3.4239664519029276,4.520419040849402,114.94127793495458,8.442600829203172,18.433606282544805,1.136034951705621,20.0,119.26013079528707,inf,0.6188019047178769,-0.9999999999999964,0.016439000764356875,1.007999986290932,0.7171356210599508,81.751599032044,0.0,100.0,399.00000894069694,-0.5019920284724975,0.0915868173585919,120,0.04855072463768116,-0.24977851969792958,True,0.8247202886894891
DQJCF,PNK,0.3561251635895129,0.6581150425863108,3.3358592224608037,0.1936013936317648,0.8618841743888648,1.110704788071986,20.0,2757.0429459928846,42.558749999999996,0.12293249964020664,-0.9999999999976569,0.015329507758148479,0.16427741575700108,1.2284281016938865,57.343827607667095,0.0,100.0,-713.8268336854278,-0.13366016991707444,0.035695736309481876,120,0.0286231884057971,-0.24101931075751976,True,0.8049714611930825
AHICF,PNK,0.54622211234602,1.0555056065853892,9.391473376624743,-0.7966581396643518,-3.127060109588648,1.6881972602546735,20.0,171.65379828241657,inf,0.09714098736711492,-1.0000000000000013,0.004314664259294207,0.1997525990721345,1.3968606599699498,79.33698121069095,0.0,100.0,224.1996022955807,-20.99997287901241,-0.08050577234879706,120,0.07717391304347826,-0.23851793220058698,True,0.7993317631381386
BHIC,PNK,0.01720052290384456,0.02236067977499794,0.4128125496922695,-0.038461538461538464,-0.1,2.770071458596049,20.0,2.6958417052935433,inf,-0.9999999999998043,-0.9999999999998043,0.11531145836537084,12.8699000030756,1.0671513203763978,0.0,0.0,0.0,-0.9230769230769231,-0.9230769230769231,-0.09128709291752768,120,0.11739130434782609,-0.2339207362954337,True,0.7889667599151635
GLCP,PNK,0.0007764126978665023,0.0005070450271781238,0.04969041266345615,0.0017361115710235048,0.0022675742968470266,6.666666666666667,20.0,21.790068162403813,0.3333333333333333,0.9999999999999999,0.9999999999999999,0.0014492757078530133,0.10000002384185791,4.3478260869565215,100.0,100.0,100.0,0.1111111405455043,0.0,0.12126781251816647,69,0.18525519848771266,-0.23377631446975128,True,0.7886411412729412
CNVEF,PNK,0.010016852375894373,0.015358440392783565,0.08477003106122245,0.022880413737669917,0.08142510397526087,0.6060606060606061,20.0,47.275002965319274,0.0,0.9938796653502329,0.9339932799252509,0.002673450903757856,0.14780978685368432,0.9728234739777267,100.0,100.0,100.0,0.5525457848887254,0.0,0.20381784949441575,102,0.10869565217391304,-0.2329464913311839,True,0.7867701921806676
ATGAF,PNK,0.00627666833332396,0.006766688491635198,0.0710979498695478,0.014513092941806608,0.038648519178982564,3.5883905013192616,20.0,16.585935551481743,inf,0.9946793006672893,0.986162665954331,0.0023556479701289422,0.14550553427802188,2.7982205265865527,100.0,100.0,100.0,0.388578360082233,0.0,0.18520616661069478,120,0.08260869565217391,-0.2303256471373462,True,0.7808611426042527
MTH.AX,ASX,2.0059629011098767,3.8788127781213944,44.2741444967455,4.2623407303908385,14.83027834593564,1.0682559443019155,20.0,4492254.782239896,0.3155082691416852,0.3900262952643348,-0.45221191688587087,0.1931145337130551,1.0,0.9580014548105741,57.53503505147327,22.413793767887654,100.0,306.49999016290576,-0.6500000106436865,0.0947677816100518,120,0.012318840579710146,-0.22941951764338336,True,0.7788181504587951
CONC,PNK,0.0751219498156521,0.1574829229840153,1.5272344513505447,0.16797778639012595,0.7691216634312672,0.6159420289855072,20.0,40.168831978288836,,0.9999999999999988,0.9999999999999966,0.014923328585414298,0.988599999807775,0.8246212168283432,100.0,100.0,100.0,3.545454570084564,0.0,0.09208019577518042,120,0.08152173913043478,-0.2291994675892371,True,0.7783220176927571
DFPH,PNK,0.02815789581432406,0.05701973902400622,0.1520526373973499,0.06296296914418538,0.2550000250339508,1.8181818181818181,20.0,65.82679949497327,0.45454545454545453,1.0000000000000004,1.0000000000000002,0.015858210117043057,0.2537313618726889,1.3068181818181817,100.0,100.0,100.0,0.3400000333786011,0.0,0.17960530202677488,32,0.21603260869565216,-0.22644395388809452,True,0.7721093374018696
GFLT,PNK,0.13153281232002279,0.292255970996879,1.26128212141192,0.19139898883313647,1.0680900385529561,1.3008004038548557,11.654761904761905,182.6299959000921,0.16344243438251596,-0.27577834222804665,-0.9999999999999936,0.7000760306335443,48.6373605880167,3.8345932213101257,47.06221576106805,0.0,100.0,-0.9536444430881077,-0.9822222222222222,0.06258763511401562,73,0.09648600357355569,-0.22605046025194026,True,0.7712221524980487
GEHDF,PNK,0.01936130360365148,0.017367438717251816,0.447213595499958,0.04519664247691654,0.08258553604539509,,,0.0,,,,0.0125,1.0,4.999999999999999,100.0,100.0,100.0,1.586750781461658,0.0,0.11485858927718307,120,0.10579710144927536,-0.22542790761315895,True,0.7698185229289441
BHICD,PNK,0.01720052290384456,0.02236067977499794,0.4128125496922695,-0.038461538461538464,-0.1,1.5384615384615385,20.0,1.923718909935764,,-0.9999999999998043,-0.9999999999998043,0.11558250002563,12.8699000030756,1.0693914370802071,0.0,0.0,0.0,-0.9230769230769231,-0.9230769230769231,-0.09128709291752768,120,0.11739130434782609,-0.21985791683193961,True,0.7572602213924438
ACON,NCM,0.15386916178246673,0.19386371531024024,0.7776470551725416,-0.2312992362656348,-0.5970229433798461,1.9844765110847578,17.045454545454547,203548.56067695966,442166.6666666666,0.06515586824574629,-0.7568389314691711,0.36599238884931645,5.398550957590413,0.9748922780488886,31.02361867836508,0.5490782554835647,72.44617151394716,-0.9999139067104983,-0.9999351070711072,-0.24679809637330716,120,0.0,-0.21873338860111752,True,0.7547248196002923
CLZ.AX,ASX,0.02811309249902841,0.05180416993384469,0.3577708797319672,-0.09078968208488956,-0.26209193077456905,1.2620882481872533,13.576842852253163,14125025.901316587,0.0,-0.38594937416251524,-0.990104301961582,0.07522982922021877,1.9999998835846837,1.0,0.0,0.0,0.0,-0.9799999993480742,-0.9799999993480742,-0.23361059838004333,120,0.0822463768115942,-0.21746863367097152,True,0.7518732576486813
AKA.AX,ASX,9.344489568107019,18.63411481199704,223.27064082285654,8.418026886511834,9.216477407310919,1.401775861070843,20.0,446361.9101513568,inf,0.0018932463854148928,-0.9999999999999549,0.8536782091797618,95.00000052680873,1.0028126586213775,39.91436137505392,0.0,100.0,5.315789535600395,-0.9910526314848348,0.09118426939608422,120,0.06485507246376812,-0.2172238393411497,True,0.7513213355487931
JFB,NCM,0.14102028239194905,0.13733786946721216,0.5706894750916944,0.20100005996532533,0.8932617678408102,3.1664266863554706,15.158170014605014,998870.8072761648,19.538623646209388,0.5487020097379213,0.17446605160414375,0.2292111466482013,0.6046511305545463,0.9796258981759909,66.60550042425065,52.66311570966267,75.89092051521715,2.994444582050233,-0.3121318833888801,0.2637474414584564,32,0.18342391304347827,-0.21583946161178807,True,0.7482000677319129
ATGPF,PNK,0.0045358491000639005,0.007373909755945761,0.020251207179475254,0.010557982137361147,0.04685757320519632,0.975609756097561,20.0,12.482674974348921,0.0,0.9571557669818322,0.9275742848591485,0.0009195827133811772,0.043321325988733034,0.8941176470588237,100.0,100.0,100.0,0.19408440783529257,0.0,0.29544703620967766,85,0.10997442455242967,-0.20262247395131466,True,0.7184005720120845
IPR.NZ,NZE,0.008617492646160725,0.016372110419683557,0.17888542986998066,-0.02194444456517143,-0.08444444456517143,1.1452991452991454,20.0,20392.52617477724,,-0.9444696565127494,-0.9999999999999999,0.007222222101495233,0.6666666149265241,1.0,0.0,0.0,0.0,-0.5,-0.5,-0.11973318423437236,120,0.10615942028985507,-0.2007411257329827,True,0.7141588166575454
CFOO,PNK,0.015076785603759227,0.030171315664552587,0.3094718114979398,-0.03459952224944941,-0.13832354362785562,1.0612398448626426,20.0,131.86164425589106,,-0.7098062173636799,-1.0000000000000002,0.020025901202373537,2.246753327177799,1.0,0.0,0.0,0.0,-0.7344399929046631,-0.7344399929046631,-0.10848816474070526,120,0.09746376811594203,-0.19989007157276523,True,0.7122399993402995
ADVB,NCM,0.18097393913525545,0.1775618349571845,0.31105429452730504,-0.2729711988383707,-0.7621426630369065,2.0520880507764723,15.038369633099835,6097374.824667076,8.584604674586013,-0.29047090616228244,-0.5981344815816471,0.3477298790316198,1.5711275603460912,0.9103010858873258,22.85961072355349,13.244738606099858,37.1467030808543,-0.8657534255523309,-0.9050000011920929,-0.25020462885112177,32,0.18342391304347827,-0.19893184023652727,True,0.710079536507439
CEHCF,PNK,0.09689627902499089,0.2114971788618583,0.5590169943749475,-0.21666666666666667,-0.9388224438537077,0.0,0.0,2.6352313834736494,,1.0000000000000036,1.0000000000000036,0.0,0.0,,43.93939393939394,0.0,100.0,-1.00078125,-1.25,-0.20761560901928242,120,0.10108695652173913,-0.19745792468778073,True,0.7067563935028032
BLMZ,NCM,0.24216087166584319,0.2559131151632475,0.6121510279810415,-0.11933807706071277,-0.45443607822210214,1.6710456371602365,15.502855453175544,105405401.6754787,1.0814265985136295,0.4481704903651934,-0.8728904877557369,0.41728489490132,1.639999980131786,1.017572640662048,38.26622394571525,13.313608104433158,62.765956659814954,-0.9307070724342127,-0.964309765075018,-0.03819726227533647,64,0.09171195652173914,-0.19686811024685552,True,0.7054265766519932
BRRN,PNK,0.5521359509317337,0.946878290625846,6.364397730437153,0.602759638277134,6.390097577554469,1.1480907341177502,20.0,999.2838159477401,31.575,0.40675762501610724,-0.9999999999925927,0.1513190644795799,8.406250273576012,0.9972539915110559,70.10962158924727,0.0,100.0,109.9999986418213,-0.9090909108948655,0.14799361186352727,120,0.018115942028985508,-0.19409373525744728,True,0.6991713710222477
EBRCZ,PNK,0.020029791098733714,0.030538189962026507,0.31639313920648854,0.052428685661708004,0.1432507693441432,2.4613808413654907,20.0,551.1226923348527,inf,0.9418619193913995,0.2921967972283331,0.006143888995635149,0.4154350801992955,1.3276949617667322,100.0,100.0,100.0,1.959501430372168,0.0,0.14847121226980478,120,0.1105072463768116,-0.19385474726294422,True,0.6986325400947904
ALDA,PNK,0.01804100301060886,0.03669838196900791,0.43298407225461266,-0.04034090911399974,-0.1686536822544823,0.8,20.0,309.1916982229633,,-0.9999999999999997,-0.9999999999999996,0.2535714331330085,30.42857197596102,1.0000000000000002,0.0,0.0,0.0,-0.9681818187359936,-0.9681818187359936,-0.09128709291752768,120,0.11231884057971014,-0.19240981019356912,True,0.695374733011938
CUPPF,OQB,0.12802669924785534,0.13552925687113973,0.2275735907731821,0.01657102648307584,-0.03633986643021778,2.6910343434305513,8.897491223922406,24278.53060948973,55.72005004691899,0.23859619679242366,-0.22411446308171362,0.22440848041053202,1.0431675329945924,0.9610179505170623,48.47790293437552,42.13446252011894,57.704553577283214,0.23939983605806847,-0.4800930421129631,0.11879543546548683,32,0.18342391304347827,-0.18918274092508497,True,0.6880988665797271
CYCU,NGM,0.1350968372005288,0.12372697817018956,0.34592974661329695,-0.13455036744538662,-0.4670298685956657,2.148656702026327,10.502208396728998,63347525.33009792,2.818106015675243,0.3069079474761378,-0.41019656989471553,0.5566649370745411,7.298507081609877,1.729514387397758,29.57150155743724,14.618640723489335,48.22429953396964,-0.812611942190613,-0.8656716397993548,-0.18803214426994833,34,0.17263427109974425,-0.18544792392903348,True,0.67967821386012
GPMTF,PNK,0.3433127168368831,1.1310667704911856,15.538744502668592,0.11856254060623503,4.270727985653012,1.1323995262962603,20.0,7784.738949340678,inf,0.03975784007892071,-1.0000000000000149,0.307484431136649,34.71428840688509,3.1844857278097,61.0391254267523,0.0,100.0,4.1333334202567755,-0.9720000021109978,0.09770458434373407,120,0.04927536231884058,-0.1826369111021991,True,0.673340403244457
AIRE,NCM,0.22262501241690308,0.21648434287679097,1.262150707366005,-0.0036935136768459984,-0.16870810330825486,1.4349030267867788,18.933196371040594,49068881.87762099,14.393542806194747,0.4521714483822197,-0.8748558143809925,0.5640413034596471,23.892100621407103,1.7876672306042873,39.23345733807505,1.8939375980005195,82.94367355356772,-0.9801467411812703,-0.9917997411743554,0.007151694013617537,103,0.056986070071760236,-0.18236672350387712,True,0.6727312285681558
ECOX,PNK,0.1549417089439199,0.18924177161852074,0.6708203932499369,0.02409722207569299,-0.030069445722789336,0.9653982508294924,18.941292834174096,109667148.8034903,0.04780144655233975,0.16444944793418992,-0.3708656790975458,0.4757638996562959,1.5,0.9477106087034317,46.764822944594414,0.0,66.66666787932627,-0.5,-0.6666666909198575,0.07583547764252377,120,0.0463768115942029,-0.1805396391158683,True,0.6686118183970273
ATCH,ASE,0.15610603904594852,0.15452401036203184,0.7624497349625855,-0.13376009734885178,-0.5267118185944651,1.8837608812721065,18.44055414289392,25751817.23389876,273960.8955331992,0.06303279573519624,-0.8179751348740981,0.34966549283892173,3.1999998826246996,1.0770670699037561,34.90352316456066,1.1261264813908127,87.50000215221615,-0.9993427975774758,-0.9997683566597584,-0.15452053876576938,120,0.0,-0.18038759256565712,True,0.6682690087766641
IVEVF,PNK,0.010116423593897556,0.023556472683499134,0.16709080551122882,-0.020778385753859787,-0.10494262645868739,1.1086008289955658,20.0,140.1474088729187,0.16666666666666666,-0.8948434335807596,-0.999999999999993,0.010984601390908682,0.596491294114104,1.372288228729014,4.526360439719787,0.0,24.99998645348424,-0.42278482433772,-0.4384236444523578,-0.10751896404107243,120,0.06304347826086956,-0.18012273473122348,True,0.6676718507777071
JETBF,PNK,13.34168414336123,10.830624330535668,297.69520037299554,31.0418437058439,21.212122496173674,1.252280046769606,20.0,3540.2687204476156,0.33712574850299404,-0.03228600053610313,-1.0000000000000027,6.661775010405087,776.7777778927559,0.9234918411607772,46.29151188212412,0.0,100.0,-0.2955681914392828,-0.9989772727392991,0.09271377341619938,117,0.06986250464511334,-0.17956373441666512,True,0.6664115085644142
HMKIY,PNK,0.017774498266824642,0.02625381424988773,0.05628495930354561,-0.007922655877103429,-0.05052008589688865,1.388888888888889,10.0,38.52378842178433,0.75,-0.3236200873896276,-0.9999999999999998,0.007898678486089364,0.14397757086280863,2.6800582732085556,53.60206259983556,0.0,100.0,-0.02239738011793646,-0.12585699511353718,-0.01248043003496627,31,0.20336605890603085,-0.17243292210997702,True,0.650334122682642
ATDS,PNK,0.2551868180124128,0.29066839914090664,0.7341624608720412,-0.2115648081688887,-0.6529333085158124,2.185136367607987,14.992165465371356,6087630.438694178,81195.42740397711,-0.14408504533313482,-0.9999999999999897,0.44694051905808346,2.5699999757856125,1.0063053895929226,32.35899823475568,0.0,66.0944390458204,-0.9999632892758473,-0.9999814814792937,-0.10506713879363314,120,0.0010869565217391304,-0.17064107988019145,True,0.6462941707489054
BRCFF,PNK,0.004082673302901577,0.005837272741325873,0.010681375618659185,0.009943488686423942,0.043614795433110934,0.5882352941176471,10.0,22.25306501599971,1.1428571428571428,0.7738653739531691,-0.11111111111111113,0.0005378033630400945,0.019360921069443402,0.75,100.0,100.0,100.0,0.07297576841227182,0.0,0.34290396560158903,36,0.18115942028985507,-0.16746589914246607,True,0.6391352940642812
BKAMF,PNK,0.00673509915532546,0.011169404068596922,0.06492513320523541,0.002962055271914283,0.010677891259351369,1.9047619047619047,20.0,18.783929301400175,inf,-0.9191919191919211,-1.0000000000000016,0.0016365070186307186,0.19638084223568625,1.0,88.55912270228394,0.0,100.0,0.0507038020057502,-0.14517701129513502,0.03562834740825854,120,0.07536231884057971,-0.16543818899179524,True,0.6345635458332775
JGSHF,PNK,0.009636532114399876,0.014710963839645715,0.15628056069227028,-0.01957466695751368,-0.05595905870204366,1.0574867161104875,20.0,91.31583240094749,16.785,-0.8307135276699452,-1.0000000000000346,0.012258966703669985,0.5376499103285989,2.406975713527269,66.79724580337451,0.0,100.0,-0.5229805114113844,-0.5229805114113842,-0.12395718538583525,120,0.08876811594202899,-0.16393307661314543,True,0.6311700653339676
CETX,NCM,0.14132334543952865,0.17403522069277852,0.5880317959921358,-0.22906029558489202,-0.5947913722228412,1.9223488276597707,17.509011727478835,68250.2042935688,200345.85185185185,0.07203021073512665,-0.9001699172211857,0.35390409723891036,5.776173285198556,1.0193191970753324,26.487379726480192,0.06149878525494046,56.22027918392391,-0.999978328508044,-0.9999808177683757,-0.2963902085456769,120,0.0,-0.16342445139362233,True,0.6300233006216494
AO1.AX,ASX,0.0,0.02645258426732692,0.0,0.0,-0.004166666666666667,0.4408462660516651,2.7026314426307914,1360729.3506977085,0.0,0.2879457589793554,0.18517223288571577,0.008333333333333333,1.0,0.7142857142857143,42.857142857142854,0.0,50.0,0.0,0.0,0.0,120,0.11485507246376811,-0.1626146913165078,True,0.6281975864292826
HCMC,PNK,0.3496841831373718,0.5742712642489011,0.8215838362577494,0.12083333333333333,0.18472222181800238,0.8420949871072143,13.549793355923109,154396075.96424457,0.16325422548331925,0.14328770207866198,-0.6127645666988466,0.415,1.8,0.9222222222222222,53.382021004120304,33.33333333333333,100.0,0.0,-0.5,0.16483006331276315,120,0.009420289855072464,-0.16155649174774883,True,0.6258117316240865
ICRP,PNK,0.012458374822461503,0.014747690554603248,0.061564240618486046,0.0031621498397661823,0.0033432810509731433,1.1238737555001528,20.0,575.0009334288917,0.8622504047490556,-0.5976993795673686,-0.9821248262939395,0.007486337981565204,0.3095238689932991,2.394127308180486,66.57227610022558,13.18978094454198,100.0,-0.03751216763825649,-0.17409885170714096,-0.015805923135206183,64,0.11616847826086957,-0.1608440123918397,True,0.6242053500443886
DINRF,PNK,0.3303981888563777,0.5815913208241182,3.5777506466726647,-0.5658765772008729,-2.667345899118244,0.975587792930511,15.661089516083601,848.9051830077549,1.7518256772673733,0.16279242549184572,-0.9950214671893869,0.04185870057177337,0.29721272389432485,1.0257578460514227,53.93867438795594,0.0,98.08262796092443,-24.88352049159027,-7.5920659968161965,-0.1615166447887474,120,0.0018115942028985507,-0.16070499502475516,True,0.623891916488889
GARLF,PNK,0.22373394073697161,0.2824477302071075,0.9694507210447081,0.11651871896087183,0.040410240321846605,1.480259175067082,19.80543327577401,297296.3333242826,229030.15740740742,0.1153878530052066,-0.9999999999999938,0.1880515525873831,1.674012597814484,0.9742517982265201,49.437711584058356,0.0,100.0,0.8248692529824118,-0.7886052689257682,0.12349850611749909,120,0.004347826086956522,-0.15867468848940697,True,0.6193143143556142
ENBHF,PNK,0.00835638292554933,0.012555334093057719,0.04219688710670851,0.01978846049412601,0.0841687795805659,1.0981326248606722,20.0,49.27319822140031,0.745,0.8723733526412529,-0.11111111111111134,0.0023505112862717012,0.129582868647362,1.6510825466863144,100.0,100.0,100.0,0.5106640360725503,0.0,0.29179051359688585,112,0.09394409937888198,-0.15790532300826327,True,0.6175796752720892
SSLPA.AX,ASX,0.004903659243179109,0.009218879397232189,0.023537581228287398,0.01096491540624366,0.04122808201716693,0.0,0.0,0.0,,,,0.0,0.0,,100.0,100.0,100.0,0.2923555269961098,0.0,0.2076437863962632,120,0.10181159420289855,-0.15770268033017004,True,0.6171227898021456
ASII,PNK,0.329620285183917,0.36157521334515946,1.5457753379569452,0.1268029547976747,0.0979955285112348,1.1573505910065853,9.915887543827084,166725185.58826324,1.766581916253593,0.3278246383269606,-0.5127814615719628,0.5848780135158157,1.5,1.0198937509570458,47.77805735639732,27.272727152463517,82.22222384628789,-0.8000000145519145,-0.9411764728541044,0.0888817654094856,120,0.0,-0.15616523658009523,True,0.6136564138300438
IXHL,NCM,0.20375694095843289,0.20060225466785356,0.9228683628064813,-0.01959866717775316,-0.2636976796968797,1.7548905830890282,19.409015747149446,109317115.72042266,2022.7859968914822,0.14291368669814375,-0.7103116781623086,0.36121549391340735,3.872180361412536,1.0222665628551295,39.50725003503551,13.607595520557553,64.15151660961237,-0.9466485007304574,-0.9855329951263976,0.025257069939878064,120,0.0,-0.1552764168479313,True,0.6116524488960726
HSPT,NGM,0.0012063231482549379,0.001275393268289927,0.0023614386141340496,0.004714467407774033,0.018665903956976773,0.7952398154471102,3.343059608170071,76429.35930291539,0.05542472387143852,-0.012246490249277738,-0.320813032160855,0.0030639733528452892,0.029527484406110575,0.9106666374767052,96.3920911522979,92.85699688694218,100.0,0.033433040835152195,-0.0009881649204468812,0.7722736705663578,36,0.16304347826086957,-0.15364922211531923,True,0.6079837171309055
BCG,NGM,0.14734507139214328,0.15984873640511224,0.4412006722713543,-0.07186784765315483,-0.27124301054847616,0.9320746752104556,18.686755006115003,5378412.793033625,0.05303421512948149,0.492300921015173,-0.328438953908844,0.290742605154881,1.7083332257138402,1.0074814107283439,40.956872290925446,13.417191687319615,56.20155072786736,-0.8687258631102494,-0.8756756727399152,-0.06389330313250295,81,0.07246376811594203,-0.14908769950323558,True,0.5976991441974525
IHICF,PNK,0.07286619237029109,0.11840352500170709,1.0586905779689495,0.10999899278678776,0.567373928204259,1.300841875211623,20.0,182.87294018732874,0.41379310344827586,0.3219322311270833,-0.9993141088139428,0.05564863102804445,4.90027725770384,2.8294752922064803,80.78576506811112,3.566859244639417,100.0,-0.2951478373240132,-0.834858200063241,0.06841416786327947,120,0.05398550724637681,-0.1463485025738544,True,0.5915232522870004
CPWPF,PNK,0.004453389522484852,0.006904365531757532,0.022049863217909374,0.005849332281743322,0.02217978470999853,1.0,20.0,2.6352313834736534,,-1.0000000000000049,-1.0000000000000049,0.000627645391984888,0.07531744703818656,1.0,88.85270319376687,0.0,100.0,0.14178515852464413,-0.049304993049817655,0.1524484853827216,120,0.07608695652173914,-0.14634214296537212,True,0.5915089136849971
FRECF,PNK,0.06384960234450071,0.059144518750043,0.54865926919729,0.019608023668498287,0.1426764851482061,1.5783405132086619,15.700465782873522,6912.42144469948,2.3326423847596485,0.7461471330460046,-1.0000000000000222,0.06224163807065846,0.8736989533097279,2.1394288109020554,85.11750496282065,0.0,100.0,0.428571443776695,-0.4662963341930751,0.1108893828115314,48,0.12771739130434784,-0.14605149094641007,True,0.5908535991899309
FOXO,ASE,0.19105401805289995,0.24195196663054402,1.222310610448699,-0.1699337675218384,-0.41498657920397714,1.4020586788611382,19.719671219667408,11048745.47070397,299.14346104334896,0.28540528242577806,-0.6153218249078845,0.9486041433983216,59.117645145422934,1.9450689536979617,29.80935315677271,0.16623347148437517,89.0879481831991,-0.9999724517455834,-0.9999724517455834,-0.161240503725604,120,0.0,-0.14575727340580263,True,0.5901902457415313
EVE.AX,ASX,0.01861058768394758,0.015271095916963462,0.1692022881867735,-0.0061127896544239035,-0.03291666270854563,1.12837211180524,18.335746465370665,334387.76028393913,19.559024657837504,0.2439373557382793,-0.16405929427355048,0.03352929645133323,0.7000000682969904,1.192581987856281,38.43263742977734,0.0,55.26315841070499,-0.12499997671693508,-0.34999997206032213,-0.001744075880215902,120,0.07246376811594203,-0.14536217328988926,True,0.5892994388106696
CGBSF,PNK,0.5466167168206975,0.4994518969312995,3.7658170401712687,-0.17922405494964463,-0.5212592824029105,1.4724552556078123,16.956053319587472,106067712.91779748,0.08234726310764835,0.32085355699904305,-0.7302245499854914,1.584266706994398,34.000001964508606,1.1011706956413203,31.322096262166372,2.616034270380311,79.94619116516324,-0.999941690964707,-0.9999708454823535,0.04008469718022368,66,0.08893280632411067,-0.14529040144917754,True,0.5891376194373725
GTCH,PNK,0.30237971429651317,0.37241787623279604,1.487914279940668,0.07844577112501458,-0.04438468689355234,1.224984358957388,9.853591405775525,284635963.3101844,2.988616073366192,-0.00984989620164295,-0.8966338588244017,0.6975496124452625,3.0,0.995356246972324,47.54850439164895,0.0,100.0,0.0,-0.8000000145519145,0.137466633624311,120,0.010869565217391304,-0.14491246010889175,True,0.5882854992991451
HGLD,PNK,2.3754019792284224,4.076679831663401,42.183941856825705,1.8380602868817613,4.238300215378553,1.087408585658324,14.99203275558449,148865.14055518346,0.46046323762162095,-4.753085397295094e-05,-0.46235424086613636,1.5834796342908386,132.00000094587452,1.0035142646497348,52.78292648646588,30.158728780166257,79.87421521793432,27.269230669347802,-0.9950248755948765,0.11191371750664418,120,0.0,-0.14405989802660474,True,0.5863632821665696
DXF,ASE,0.13578033775250617,0.14245091088508846,0.28302801936625344,-0.16627095562589264,-0.4662800600288331,0.6663202362876776,5.114721690245259,1791693.2785010322,1.7975363432810882,0.33538269740707083,-0.38461505702634685,0.4079927653738694,1.6900291815596225,1.0874198854666384,33.0194623132115,15.213732910359028,45.77338117542157,-0.8886206889974659,-0.8886206889974659,-0.27964753468698794,38,0.15446224256292906,-0.14263128452788493,True,0.5831422787931833
DTEC.AX,ASX,0.021649623570042034,0.02365280847554427,0.03662511710415745,0.06355389110187896,0.3172638142659998,1.9069270278362662,7.943573626973418,57679.23917310687,7.853234109743905,-0.034220657002535765,-0.5111316091343792,0.041286646486364605,0.1139785071202556,0.9734409912122701,79.82274766056062,65.45452698908429,95.10308036719401,0.9030967833642618,-0.03196626592788543,0.5550504125421706,53,0.11074651353568499,-0.1425870952951807,True,0.5830426481598908
FNFPA,PNK,0.00994867128078821,0.01814289948888991,0.18168053611105806,-0.01160826380810192,-0.048800148331788556,1.9047619047619047,20.0,2.898754521821014,inf,-0.9188874594366826,-1.0,0.005701754385964913,0.6842105263157895,0.9999999999999999,88.59820825889486,2.1084287910883432,100.0,-0.3295420816418999,-0.406250028932931,-0.06332548864285514,120,0.07536231884057971,-0.1419651267706355,True,0.5816403355557502
AGQPF,PNK,0.004781819872310304,0.007257759357892862,0.013660720171758576,0.010692474290645142,0.04199103634012592,,,0.0,,,,0.0,0.0,,100.0,100.0,100.0,0.2806048319244101,0.0,0.2807721080980478,120,0.08695652173913043,-0.141842582482045,True,0.5813640427954669
DFND.AX,ASX,0.023041807367824147,0.02483614648944435,0.04622230372543632,0.06430100386013371,0.28817636428055804,1.51293232815827,6.360417092960616,62592.81852355767,4.0774950002856984,-0.12406578411786878,-0.7764660551929596,0.0409663782842613,0.11170391487284845,0.954894496677582,79.19679958828624,62.14861504504328,93.96049267313667,0.9494327796357409,-0.0529248367073098,0.4993202243292208,58,0.10119940029985007,-0.14098068801128544,True,0.5794207845242079
BCEXF,PNK,0.004763309128683405,0.012491632190114114,0.03283952507305461,0.005242567970436101,-0.005401265336535907,1.3333333333333333,20.0,8.69626356546944,inf,-0.894052086277443,-0.9999999999992686,0.000588833491007488,0.07066001892089856,1.0,88.7012822268812,3.8002515735979188,100.0,0.12082996761319431,-0.06599669619041508,0.12004010084193255,120,0.07210144927536231,-0.14045785024899377,True,0.5782419757018187
NVDA,NASDAQ,0.0444537120246378,0.04847426694895272,0.11982787990993896,0.026407327159913695,0.08642423513874417,0.9546604344527848,2.5665013831079055,259164369.29577833,0.5224587234640956,-0.020867090603476697,-0.8926211729993917,0.09048544554699062,0.25673844450724514,0.9581860760314194,60.01963558090891,14.369992034513274,100.0,0.5167790325133959,-0.3610704767745689,0.12197642569856687,120,0.0,-0.13859101050170458,True,0.5740329316678805
CDT,NCM,0.2228217381569239,0.26215268165657535,0.9806610672415383,-0.08402430503846077,-0.19535941937665927,2.0792832399937797,17.88118052893829,367651.31619747437,120531.16292134832,0.2559043445416293,-0.8747757357041038,0.38543734181884937,2.2760820572081975,1.043000115152024,36.24210026193139,0.43169403107489757,98.15728103789199,-0.9997553352109733,-0.9999536921807728,-0.08489971791736678,120,0.0,-0.1380832713942593,True,0.5728881648157216
ASPC,NCM,0.002026991606629801,0.0022193608749126814,0.0039090238790169774,0.00493633137229415,0.021241685903245062,0.5603120097761138,3.6267138434321096,66713.76260842504,0.08649928943628613,-0.20949374097424783,-0.7368410271085868,0.0036295515210184523,0.052052099066812,0.9848027407208899,81.46352961266773,71.42831192893863,89.2855318235849,0.038114353486789154,-0.0029940803667591405,0.4780255474933146,41,0.14316012725344646,-0.13602519511176397,True,0.5682479520118077
MRD.AX,ASX,0.23794514603544015,0.2609286150307855,0.510372420453539,0.037262613933247195,-0.009539669466672581,1.8708058851059415,12.338890896945305,6833208.505491269,7.416876401603899,0.41554123063851783,-0.05149338946921565,0.24187295857999505,1.2499999708961709,1.0222099296985927,48.59465249214755,33.33333333333333,62.49218841642879,0.0,-0.37500004365574363,0.1011609549243167,41,0.14316012725344646,-0.13418955038951347,True,0.5641092414032309
APHD,PNK,1.087701107843311,0.8150172933116174,28.56734821175504,9.341328150663683,210.23436572094923,0.985586448311381,20.0,310.3824117955857,1.512414383561644,0.39264852275934214,-0.9999999999988489,4.48030699186051,533.0000004365575,1.0020923883523456,45.5277044870146,0.0,100.0,5.666666401757145,-0.9993333333766657,0.12494990842585013,120,0.05,-0.1329403894895686,True,0.5612928383129407
COLA,NGM,0.0016446246080980232,0.0016430145187137733,0.0025470206515745626,0.004565763699959833,0.017054560299237954,0.5182906406650829,1.7989842288158246,118309.39427991852,0.1548968029138001,-0.13640174053763438,-0.6055088637325431,0.0026368885294504774,0.005940635381240264,1.0071638595558956,80.18804915697875,73.68418410881895,87.49980131924025,0.025050101349401332,-0.0019802432681454473,0.5211367766169844,30,0.1956521739130435,-0.13152746037221125,True,0.558107197509853
FOMTF,OQB,1.135924236775824,1.2426475115775497,5.82383185543126,0.3373557151486077,1.0923177083897446,2.517625453460065,7.186622104036904,55870.80386696967,25.656951989428865,-0.18607830843187337,-0.5027758998353038,0.5931053102073529,13.201183760643254,1.1556678167845211,52.439717539281325,40.578519567772474,70.49410077085882,0.9179103946494602,-0.9324000030755997,0.17953591433548743,37,0.15863689776733256,-0.131198804290445,True,0.5573661976879967
DEVS,NCM,0.16777927989109423,0.21087719576697214,0.4700413703827663,-0.03493423517385525,-0.2751736200814191,1.4714680459082388,17.673779635767325,7383041.1155244615,1.3926022890742298,0.42049801986685964,-0.18571937579864134,0.40687682945741477,1.9699812664723533,1.0142488114054333,36.80847087620734,3.006013714036328,69.0735677564009,-0.8266666730244955,-0.8577777809566922,-0.06537782242924993,49,0.11978704525288376,-0.12804467828039606,True,0.5502547917496114
KLR.AX,ASX,0.4346819653936567,0.3979602878783275,9.839275041061155,3.228910365248665,3.7706996359344176,1.8143222546409095,20.0,510254.9615205361,1176.4753669468864,-0.36783931955653165,-0.9999999999999902,0.08996961962060457,3.8280488939086017,1.3256448853919502,15.490027342350167,0.0,99.75490191854404,23.583332026894734,-0.6707316913610408,0.10342044834205887,120,0.06992753623188405,-0.12714232967644928,True,0.5482203241347615
CINPA.AX,ASX,0.0032773220251152034,0.005899179616285771,0.015731158678957916,0.007328314832314868,0.026381933266992227,,,0.0,,,,0.0,0.0,,100.0,100.0,100.0,0.18869595950743823,0.0,0.20764378639624406,120,0.10760869565217392,-0.12454431119353054,True,0.5423627382270965
ADTX,NCM,0.21846182532568217,0.29282346007455357,1.7185116750660925,-0.29972318841789225,-0.7365931788010617,1.9241705706814471,18.407850399326914,5006574.844169345,46228.280542986424,0.19671851102174553,-0.896748325466274,0.39677559579976557,2.90625,1.0057503870211066,22.1236049793334,0.0,65.73439191627571,-0.9999966611110502,-0.999998546905196,-0.15045834819344162,120,0.0,-0.12443287933099184,True,0.542111499942241
AFI.NZ,NZE,0.0020744410457092044,0.0036101699010835284,0.012929092568037134,0.00463859119352153,0.01614517061829292,,,0.0,,,,0.0,0.0,,100.0,100.0,100.0,0.11635603159250363,0.0,0.20450552499602734,120,0.10652173913043478,-0.12375720968195464,True,0.5405881108514939
IDWM,OQB,1.5669056981275817,2.1390649423556143,34.68896543622488,3.916815521207931,13.365174186094611,0.8711906682911745,8.714285714285714,49985.62728736944,0.006624472573839663,0.01794724829434961,-0.877690549913895,0.2017774565136236,1.3520454547621987,0.9421051011730509,53.84108514189552,32.98968901123885,99.62453071032314,61.15385078114182,-0.5538461503192517,0.09230421619778226,120,0.0,-0.12364124305420726,True,0.5403266483219089
IEQ.AX,ASX,0.0032180701449878633,0.00637590817411214,0.06576668792646045,0.007195823600555466,0.026604169928888404,0.6982731214537328,20.0,2214.084181186278,,0.7524868501315225,-1.0,0.0017040592961210443,0.1794871574440421,0.9858207799950719,80.0,0.0,100.0,0.17647049800335401,0.0,0.10576097833631097,120,0.09746376811594203,-0.12316591256509174,True,0.5392549511061915
AAM,NYQ,0.0016495974645061116,0.001653041980091143,0.0033503400691646014,0.004914004587733467,0.021778135077570523,0.6320213592100934,2.970674444460488,618328.5617530623,0.13124569809479897,-0.10186998757736446,-0.5691653431844979,0.004775823704262377,0.04519233502579964,0.9259757547717321,83.11055937156134,68.93935836256381,91.99984741269145,0.054054051473975795,-0.0038131518327729776,0.5809824128461076,56,0.1048136645962733,-0.12276474312188884,True,0.5383504600517433
AGRI,NCM,0.13915246540384393,0.15130060554773933,0.396138714151814,-0.24712335620098522,-0.7060170740843403,1.9151726316021194,15.902153599051026,1466971.065356144,28682.38283455675,0.20445534218841752,-0.7207150871455253,0.3659041810445281,2.601010316808259,1.0011302388833547,22.22810507779443,0.2079393803084173,49.48453521905706,-0.9996446402237453,-0.9997650513856713,-0.3143697099382395,120,0.0,-0.1220855792393189,True,0.5368191927364054
OVT.AX,ASX,0.2693985533395486,0.4169234607996233,3.4663061119649448,0.24081319058326697,0.24618377116360388,1.783794931442994,20.0,73335934.83747141,inf,-0.07956123839431786,-1.0000000000000913,0.2424064272473691,1.4285713858066178,1.044529172582932,34.61949954838656,0.0,90.7894741034347,-0.829268292128898,-0.9512195112255714,0.06967280273581528,120,0.04528985507246377,-0.12187628145947632,True,0.5363473024347114
AMIX,NCM,0.1716248375147639,0.21442552536255088,0.6843291273929264,-0.19203505561984358,-0.6303767380009689,1.5749435738179351,17.787146664178582,4374145.689393977,117.46480636328074,0.31696910565394076,-0.7745558905197741,0.30903884922288927,1.3073248790917922,0.9874754355975138,30.284597998166635,10.059713726407637,50.36630001440991,-0.9906565657761682,-0.9914983167969851,-0.15677754109308104,89,0.06595017098192477,-0.12152017341877314,True,0.5355444084389436
ANSC,NGM,0.0011949137137642774,0.0012900562103053757,0.0025085434012093845,0.004594536607154243,0.018917789563106635,1.0821701433621531,9.672612216094539,778260.8403548093,0.37110985290417037,0.13780660729923147,-0.4969771706111507,0.003466147888475007,0.021256978040458355,1.0264874417196137,88.92235014251965,68.42092054409477,100.0,0.09077380642644028,-0.0029240434674705044,0.754126924747148,93,0.06311360448807854,-0.12112215663231346,True,0.534647025477772
BUHPY,PNK,0.0010560205066532608,0.0019884079079622607,0.006839501450175997,0.00236133363851046,0.00889243049840352,,,0.0,,,,0.0,0.0,,100.0,100.0,100.0,0.057944016495594886,0.0,0.19927249641361097,120,0.1072463768115942,-0.12108215336265954,True,0.5345568326673181
DOW.NZ,NZE,0.0018465064630999333,0.003019748614897464,0.01276545816434647,0.004128913972384157,0.013504726355743128,,,0.0,,,,0.0,0.0,,100.0,100.0,100.0,0.10301077056538843,0.0,0.19890384105711717,120,0.10797101449275362,-0.12108215336265954,True,0.5345568326673181
CHEV,PNK,3.15658989884494,6.016492064095475,66.63482592406314,17.629042748121456,60.69530914207096,1.3943828913297982,20.0,3768.453997152248,1.7844418636694683,0.0852577861908571,-1.0000000007790697,3.3676193597876716,372.6363517893247,0.9976321561706918,58.18971634136809,0.0,100.0,55.914894551295106,-0.9973236008883744,0.10531088163103793,120,0.011956521739130435,-0.12074243478582408,True,0.5337908909462231
WHFPA.AX,ASX,0.0023662084710384047,0.005619746075353771,0.01419726254340622,0.005291002990177716,0.02513226848155737,,,0.0,,,,0.0,0.0,,100.0,100.0,100.0,0.13315992114882236,0.0,0.18491998891099032,120,0.1068840579710145,-0.11951837183035058,True,0.5310310745841696
MQSD.AX,ASX,0.003688459816879482,0.003639469351477077,0.0045967914956037805,0.006549365684856542,0.03017714964636515,1.3567403783692475,1.9553525206580544,35318.894634982775,1.7562590060336678,-0.25561745592322604,-0.6588093951130753,0.0022882554013660176,0.006262576941287869,0.9181342257282302,72.67262546643983,58.33379420408937,81.11383472727796,0.043129085334931094,-0.0066351942216982245,0.3612538551039319,34,0.17263427109974425,-0.11811554056986301,True,0.5278682007723434
GRI,NCM,0.15728784920279867,0.172370762456008,0.4247779576682132,-0.21462820794637674,-0.6460871279847119,1.8406500660192757,18.299145424308172,1601052.8209135544,21033.91615720524,-0.23090184968386207,-0.8651880893347675,0.40673350824625615,6.562913847682737,1.0022553430809664,25.067780942181777,3.5291900443724558,64.54545311691358,-0.9997170995073112,-0.9998204409908261,-0.2699408257430469,120,0.0,-0.11776200747748483,True,0.5270711123476757
DMNIF,PNK,0.2643725532586571,0.36379068274621634,0.7200952845346874,-0.3741973230133577,-0.9490198719730278,1.4395289250766248,12.169006324989002,5176310.337858024,30.968894615448928,-0.24701041031210177,-0.9087533425332737,0.728119471698504,5.0,0.9642714226455037,17.298967474837625,2.0304564457926944,40.82278478475807,-0.9995939393838247,-0.9996666666684728,-0.25829468788143634,47,0.12488436632747456,-0.11753232239309214,True,0.5265532560959264
IBO,ASE,0.5435351487249473,1.053042374739279,3.464944130409134,0.034775595655955234,-0.32007008743619036,1.447669457194646,19.64650771930024,52851395.31401336,2.43486630256025,0.37589553533712733,-0.7418271578485881,0.41480553974932644,2.039473725487982,0.9401174958962958,46.556266774167725,13.061797835112458,68.38763769989993,-0.735665235950494,-0.9270161319008479,0.10686261290389161,56,0.1048136645962733,-0.11712733092314426,True,0.5256401477625222
AITX,PNK,0.12326051810151559,0.14760174245799113,0.5434804507550519,-0.03515262231415414,-0.17742900310546025,1.1328962090199781,3.7866026214338695,168261356.49960747,4.393974127325304,0.10437173226874384,-0.7538141865428719,0.2295130997405425,0.9818182549385497,1.0001922744873553,38.53376305016833,8.536579825564402,90.2229826514025,-0.8825000058207658,-0.9000000072759573,-0.04247841261992836,120,0.0,-0.11666249190898331,True,0.5245921050035565
HACBF,PNK,0.1341605528440145,0.2768705051272672,0.8690249046786732,-0.2621556377286324,-1.2110764988653135,1.3613613613613613,20.0,283.5508968617645,inf,0.5218633749878008,-0.9999999999999999,0.005333486099342425,0.3090332530821175,1.6831369104850809,50.77849972784546,0.0,100.0,-1.0574262720982297,-1.6545643622594597,-0.19224928576369935,120,0.07282608695652174,-0.11601913269870928,True,0.5231415641900693
DXST,NCM,0.15262791683311686,0.16305947487734068,0.33821774426154155,-0.007537895801680695,0.01927773217960367,0.8501976171227112,4.667987813895708,305048.7052283698,0.08555001014213136,0.6095155288870509,-0.18645511128926603,0.2767426179379997,1.8823528758657282,1.1752952088392237,49.2427657578623,27.935221861170348,60.20407894328701,-0.3529411386591058,-0.5343137226256899,-0.0008861586295604003,38,0.15446224256292906,-0.11578303702642584,True,0.5226092543963089
GRLF,PNK,0.3810494628099627,0.40574809641251813,0.758287544405155,0.08980159132522544,0.016626986226659528,1.273870103951538,10.826808122601372,159152876.91991055,72.34272715177457,-0.0007210537188314974,-0.6756394998200111,0.7206547592245371,1.5,1.0003856006725613,50.40151612961508,33.33333090801423,100.0,0.0,-0.8333333454599288,0.1716687902386095,120,0.006521739130434782,-0.11484452253477567,True,0.5204932458703597
ENBRF,PNK,0.013411219650439059,0.015962647924395928,0.06867809240544649,0.03128228985878139,0.10094458835787055,1.258363161571239,20.0,249.41578013565712,inf,0.4901437188193988,-0.9994476739750678,0.003901316233523702,0.13312500715255737,1.3369868812431815,96.9875011928089,72.35379260299807,100.0,1.0378950783209984,-0.010204831438512538,0.256314429871394,120,0.03260869565217391,-0.11431838279438183,True,0.5193069922893878
ELAB,NCM,0.1520467302712638,0.1673982529552297,0.3670413037324055,-0.27132471674134806,-0.7088835495163989,2.0723221932302,15.14763779527559,1824412.401223916,4126.83860576526,0.16218019044785484,-0.6317747596133388,0.3519389119789307,2.8911763691244547,1.002198247907769,24.2998593874444,2.369667939455198,51.90311653734048,-0.9996990444272724,-0.999750762548466,-0.3309385494625628,99,0.05928853754940711,-0.11421361261640478,True,0.5190707736781283
DGMDF,OQB,1.5908210674649836,3.163743277313942,37.240694806921844,3.39305308685418,10.011040994120036,1.3766391493146692,20.0,346.04544771456864,inf,-0.43471451744833844,-0.9999999999999984,0.025214641245473277,1.792168631776031,1.0694013243191738,25.508861764827536,0.0,100.0,0.3580246487735459,-0.9660493837806613,0.08945975034418543,120,0.07282608695652174,-0.11356211349481932,True,0.5176018803278516
GPUS,ASE,0.21069630617067173,0.2846337589396944,2.100698692957656,-0.21240203242024908,-0.6464213901808399,1.9196939023504305,19.66926310001216,21052661.67912944,30792.41849398447,0.21028731565423944,-0.6930693296890673,0.3476107402636438,1.830065206703458,1.0122560362241086,25.367157803490347,0.0,68.01705750155182,-0.9998817871458135,-0.99990885860307,-0.08481969323138959,120,0.0,-0.11299503820296092,True,0.5163233319803266
MBX.AX,ASX,0.07342038413865391,0.058751948661981405,1.7888542258122953,0.10801586294220852,-0.006240210150338103,0.06280007207467497,1.9282733793631146,54427.02568830233,0.0,-0.6341200897916506,-1.0000000000000013,0.012222221836327008,0.7999999860301611,0.606327263776634,21.736162742785805,0.0,100.0,2.3333332298530483,-0.33333330746326206,0.08780300504110164,120,0.10144927536231885,-0.11102343128604936,True,0.5118780761178736
BKFDF,PNK,0.01777497558692119,0.03020016936848674,0.056030841264883884,0.02130545752479265,0.13087424618250917,0.8333333333333334,10.0,33.98212935610833,0.20408163265306123,0.40715193086030804,-1.0,0.002534617326844031,0.07857313713216496,1.4193548387096775,90.70547630823154,65.78113800908037,100.0,0.11950077363114353,-0.07284916149941094,0.14913137209688695,31,0.2005610098176718,-0.11092647133872208,True,0.5116594667335268
BKLPF,PNK,0.0918600147478552,0.07169744398513533,1.355951597032346,0.0868357211796604,-0.18531092457675552,1.3333333333333333,20.0,1103.5860464883406,0.030657531046833032,-0.48678485534697685,-1.0000000000000009,0.7135452932163842,62.000001673470294,0.9036563614093232,15.4693877120114,0.0,43.31428559363192,-0.9360000025704502,-0.9841269845486194,0.06864137886010233,88,0.15563241106719367,-0.11026405770935882,True,0.5101659651414812
HIRU,PNK,0.2465864658294026,0.2983684394170007,1.516158635690904,0.13015192567888242,0.5214707974147891,0.9974385708080805,9.3168590868479,100400025.56021325,0.7976153749624396,0.31446051121840646,-0.9652203571550687,0.3983653792748347,1.611111182972422,1.0123325264014913,47.0574720443939,13.207546216606517,89.88326940342786,-0.5476190238608178,-0.9137254926353844,0.08355196099714135,120,0.0,-0.1101544236089444,True,0.5099187801557663
ARMR.AX,ASX,0.0226248900210131,0.024072984600721065,0.037175552348017595,0.05257468609745437,0.23565621222263797,1.6208933341426424,4.162381556862839,77949.37930893933,4.498144544508304,0.11362085203663339,-0.4208509338836703,0.03567539997891488,0.11954926762858342,0.9484902365967517,76.39196232635517,59.96094404836322,90.02040204300123,0.7151315803920795,-0.04779879575527366,0.44554230763223684,55,0.1067193675889328,-0.10984135902238507,True,0.5092129334797416
GT3.AX,ASX,0.11303005724373986,0.11610192787736517,0.23359468912980066,0.01636677378950653,-0.15280326053590987,2.0827178617235487,4.070495305359605,2727291.793225989,3.2487201136943287,0.25699208394506784,-0.37685595768864655,0.16362860218753572,0.31249993209106286,1.0816481976819463,42.77005970705369,23.214289040437222,55.55555371590625,-0.11764712649748443,-0.4374999902987233,0.021093738209041053,31,0.18934081346423562,-0.10980007124406327,True,0.5091198445698486
BBAI,NYQ,0.16785449989390344,0.18326583281501974,0.567248496376466,0.10598751101219124,0.34873417963527303,1.318117200077434,8.157316314611947,86613415.26081204,25.509661387593784,0.483303278615444,-0.38030116753270915,0.22885416886586263,0.8852140678839868,0.9951325622097389,51.688565228157124,18.238992296080497,81.78137947521525,2.0723404609331357,-0.7195122125285309,0.12933841157814038,120,0.0,-0.10951632126626137,True,0.5084800916650096
MMR.AX,ASX,0.055510357212644905,0.05278868047754851,0.22961321785045363,0.022542987144927536,0.06513887748557758,1.9122235218774666,20.0,4236883.990970395,inf,0.3345692107972317,-0.04882416437338001,0.09943121400740515,0.6428570953406865,1.1327009623117072,56.34201883071526,25.000002910382904,100.0,0.24999991268851285,-0.3999999813735481,0.06415115323691559,120,0.08043478260869565,-0.10949455883751885,True,0.5084310253104949
JNS.AX,ASX,3.8340139746221533,7.544598992617237,88.99550258899095,8.172554977431703,30.36936280892339,1.329491911395461,20.0,8967951.668091735,0.8835002760460222,0.029576124175641042,-0.7070711292914726,0.22662428853517377,1.0,0.9964517975100506,37.93590070175816,0.0,100.0,4.409017172439608,-0.9746905905703982,0.09033686411504728,120,0.010507246376811594,-0.10948900067740513,True,0.5084184936828069
CPPBY,PNK,0.0009202143492190525,0.0020013561073534644,0.012410635247592911,0.002057661838724532,0.008950336606453427,,,0.0,,,,0.0,0.0,,100.0,100.0,100.0,0.049984218149675685,0.0,0.12864520785410372,120,0.12028985507246377,-0.1092417328288649,True,0.5078609946986576
AZTR,ASE,0.14057853262209383,0.1570537960343778,0.4136753611617709,-0.20396564190694633,-0.6079412640088283,1.960996054462196,18.74812852861757,4654090.582174936,34302.40375782881,0.0629055717816598,-0.9254323918794537,0.3961345842045308,10.669902747443064,0.9703413940471892,29.31958997102819,7.845841627526141,57.802186150471336,-0.9990521978054728,-0.9991797432387032,-0.2630063148930969,120,0.04021739130434782,-0.10840581242953212,True,0.5059762985029784
BRELY,OQX,0.15192832376681997,0.14341906446659083,0.34499543165812163,0.11385835052204132,0.3111002979461297,2.4836211445227208,12.560667012717362,6943.483435002156,7.47438558896404,0.26087152568862204,-0.6076270736392203,0.07275601861609088,0.2827869020652716,1.0491321920586794,55.38804295905823,44.2262739431192,77.82503178818368,1.0635490131414946,-0.3230944442449335,0.1955827603197696,34,0.17263427109974425,-0.10750004027830323,True,0.5039341120353005
SUBD.AX,ASX,0.0035327706104956095,0.0033487155251073057,0.004720006170539508,0.006184732107832319,0.024258533493509562,1.0406733696244566,3.3089484562127844,460224.5403753052,2.0408928929933747,-0.21517205236676132,-0.7809717295426802,0.0025015922806139413,0.008420171610898124,0.9714758597124891,71.28516715602737,52.931495871434905,81.66027691146382,0.15750016606243245,-0.005979004085986244,0.3735381559668525,120,0.0,-0.10746835619875234,True,0.5038626759700473
COLAU,NGM,0.006002647534782452,0.007363120190035325,0.01664049000944514,0.0077632983522589235,0.03767578306342761,0.3013474387953752,5.555555555555555,51552.58629016545,0.00013266470322905886,0.27601609777033054,-0.9999999999990515,0.003602119579955754,0.04186044737350109,0.9016104826547856,83.45640224483644,41.1764705882353,100.0,0.03396604843293494,-0.037209266840025436,0.10439415051381762,38,0.15675057208237986,-0.10645887122195424,True,0.5015866548358755
CGTL,NCM,0.17199692019844376,0.22262402207173618,0.43208307324874645,-0.14181794498917735,-0.6753019148690046,1.8837476180909205,16.37088375344279,16547720.96190317,16.70336590991866,0.33997527679398254,-0.5448200206834855,0.3890378932831003,3.4503311728820494,0.9822970390538399,32.49596868282601,12.491846644441225,50.825998360940496,-0.8650537714005508,-0.9358466470943035,-0.0767469812559408,46,0.1275992438563327,-0.10623455404475207,True,0.5010809012607313
FMTOF,PNK,0.18675260923104797,0.19925968640903755,0.5790082903922239,-0.30462977665446994,-0.7091242714239423,1.8845990893818503,19.103354860556806,112393.78265471781,23911.166666666668,-0.11091811552715901,-0.9481339577124851,1.5127645106817063,133.6969696969697,1.008148231467397,21.962945032879723,0.017043276394034024,74.32432432432432,-0.9999998780373438,-0.9999999064660051,-0.3076042834655748,120,0.0007246376811594203,-0.10617941528032099,True,0.5009565834194145
CERO,NCM,0.18272501284757067,0.22998227921168926,1.5216992580949347,-0.2141677426209751,-0.5646494867251636,1.8835876764235706,19.40570364953799,1834601.5624386326,67934.43708609272,0.21558813450754058,-0.9431621849190195,0.34878332038084425,2.5233107963341532,1.0291399540500408,31.620649981942375,1.6523867809057435,79.1044776119403,-0.9998481651402394,-0.9998537985890998,-0.12105661220669739,120,0.0,-0.10602555321145951,True,0.5006096804654083
GSHRU,NGM,0.007484517094543468,0.009802211278183688,0.01778777433971381,0.005354105849055375,0.024681500293771162,0.0010320472151995326,0.0054040032856339975,157296.53456004662,5.438861755011911e-05,0.0615275719257809,-0.813250060744928,0.005358546812959723,0.025714329310825894,0.805178252002497,63.41943237814858,52.969804687391175,77.02907165243704,0.027944083850240053,-0.01904760088239397,0.11776150394294166,30,0.1956521739130435,-0.10594182915546285,True,0.500420913197676
CRCW,PNK,0.21853256612459412,0.25386875536127984,0.8944271389374034,0.1710251224969375,0.18001252234613985,1.4594058435639716,8.160702521860616,80022315.37200543,17.431243342523562,0.22649467062337791,-0.518056378927675,0.3327380820288139,7.999999185092786,0.9468069719207514,43.933722060534,0.0,100.0,0.24999991268851285,-0.7999999860301611,0.12797446156155615,120,0.034057971014492754,-0.10529537614442103,True,0.49896339698971126
FERAU,NGM,0.004269719972986794,0.006333325817007406,0.010232414843800186,0.008215933355195219,0.03897781746916899,0.008069481739999346,0.09487058823529412,239536.1959971051,0.0,-0.05739732311253027,-0.31667492878757114,0.006815230971280518,0.03768119120275557,0.7652456548319787,68.95755122315705,50.458683488706804,80.64505212899812,0.04790414374326857,-0.010287654805149479,0.28777484392761127,33,0.17918313570487485,-0.10505645616807574,True,0.4984247194184387
DWAY,PNK,3.985154895100043,7.641398271399533,77.83339137707472,8.035440528176009,5.621900732639682,1.0299401349656094,11.626218886322812,40099.98677201487,1.9075006472231892,0.10414018796378552,-0.9999999999785587,1.2074045122742,91.50000352883953,1.0082132527550216,47.760920178222655,7.974134682375521,96.57143386286215,0.595959652973528,-0.9891891896016175,0.10490120406697505,120,0.00036231884057971015,-0.10501110286874232,True,0.4983224642386591
CRDV,PNK,5.138210303168503,8.867718276653708,58.800682629967774,9.490610990373245,13.349834285770575,0.9241280190288489,17.730864557515673,46118.389634125,0.12206150269098998,0.09244430804638472,-1.0000000000493974,1.0156963388874103,63.799998603016206,1.0041156459281977,43.46415491335562,0.0,100.0,-0.5724137685191893,-0.9990909091089487,0.1536997643929118,120,0.0,-0.10465884531801889,True,0.49752825169608017
LAT.AX,ASX,2.0182831470410365,3.8610531263399985,44.2741444967455,4.11171436981543,13.528574439815968,0.8982928387603428,6.056094179153744,3521270.2981160027,0.15613842222428442,0.021153355467119245,-0.668640721309627,0.1861347767304194,1.0,0.98333215049994,47.070771628680646,10.344823488830286,100.0,31.0,-0.880000000745058,0.09241977713715357,120,0.002536231884057971,-0.10451371984031793,True,0.4972010465747103
BZRD,PNK,0.9228186895474508,1.6276908770166698,11.35353785597758,4.8965690358003995,21.821856206985753,1.1932751821878513,20.0,109413.48882698591,11.287083889901497,0.04260066937009394,-1.0000000000012126,0.5038689237664495,32.0000006548362,1.0344033591320503,42.85485559061198,0.0,100.0,32.333331005027006,-0.9871794871555688,0.14856053796898086,120,0.021376811594202898,-0.10388424698146564,True,0.4957818144285524
ASRRF,PNK,0.023027815536930802,0.03418590322498116,0.232713210691528,0.04616867307313745,0.1658010816248746,1.3245596900733234,20.0,162.27471126220465,inf,0.5926886660176253,-1.0000000000000038,0.007032799947906874,0.3422621524482128,1.6312251000646667,92.03317240794362,29.243517613145414,100.0,1.508371038808178,-0.08260868355605529,0.15581110919787874,120,0.059420289855072465,-0.10340327486165918,True,0.49469739738938145
AACBU,NGM,0.008648955444666314,0.011377166040276703,0.023482574698996703,0.005854051233367711,0.025890179717512292,0.17059299168313521,0.9844020797227037,163130.25479818275,0.0030911504045896304,0.203557132914088,-0.21569827381505088,0.025126066764951712,0.1743637594400053,1.0068884988434719,64.24242729227396,47.999990844719576,89.28578118906474,0.039999961853027344,-0.02924532155287683,0.10614596762208448,35,0.16770186335403728,-0.10267411972636514,True,0.4930534179977485
EMPD,NCM,0.1622508914182784,0.18221181749365942,0.5669539972278831,-0.2710874914769414,-0.6919551670388422,2.331472334089651,18.940144991965834,1117714.8844624201,inf,0.03134418842332965,-0.9552676026550846,0.4456968631885835,5.750000238418579,0.9966364612631967,22.328092465296837,0.6047278724574028,84.9195112422415,-0.9999907529237907,-0.9999953125002325,-0.33590474270936194,120,0.002173913043478261,-0.10192620563305305,True,0.49136714398471404
BOTY,PNK,0.3344028676757695,0.3383310375990653,0.7226494557983819,0.04616072033047498,-0.01630621191535671,1.0916927168963084,11.915790162921583,58096895.621335074,0.7421323865806618,0.22522574775668697,-0.8348642519950615,0.7363644458910206,2.0000002182787338,1.0134571354306086,48.50510647692568,28.571427235028068,66.66666787932627,-0.75,-0.8888888897871553,0.11569908349618806,120,0.0,-0.10175880405511112,True,0.4909897143665952
EURK,NCM,0.0021185879264994786,0.002299149220956143,0.006043339715439679,0.006193437692260832,0.02521810484232282,0.696178608817959,5.486186090822484,142769.2220595108,0.023712129409218782,-0.00497876543748493,-0.7682728842186484,0.0037421178044100903,0.02738432083800865,0.9510918366869978,86.11955669517593,66.66654892888049,100.0,0.06779664240074146,-0.004803092360015083,0.48561618709193416,57,0.10297482837528604,-0.1013901107707122,True,0.49015844522777086
PLTR,NMS,0.09246823250280581,0.10120831785539616,0.20624272878247443,0.127755518764034,0.6604233967960969,1.0012331031225903,3.804602584779782,134394512.979818,0.9972812367081096,0.20007586823604215,-0.7664111418209352,0.12473006812773452,0.3539787270379821,0.9791819330566361,65.74619272980927,40.968932825189285,90.26409160674775,12.332145873971834,-0.37890231737409513,0.2524135958624687,120,0.0,-0.10102710267842879,True,0.48933999412755436
CRTMF,PNK,0.138600204906547,0.1720508607537195,0.6618017442422675,0.009328358011091711,-0.5550154984872944,2.0443397224514377,19.807692307692307,8356.074880018128,7028.0,-0.11524506028108593,-1.0000000000000002,0.12314978451959263,2.15517247580745,0.957505998562562,16.622307112117884,0.0,68.18181818181819,-0.886875008071462,-0.9770000011796752,-0.012973842528865997,72,0.09420289855072464,-0.10083780579411833,True,0.4889131985642463
IPST,NCM,0.16438404641517027,0.16330260157337936,0.2588883355313215,-0.09663464290906318,-0.34194468948567575,1.9884868416717374,12.389310860421489,8012303.294815073,12.431604606497334,-0.07707481263841293,-0.5533571932605567,0.34857589086875157,0.9250001117587124,0.9781795808257581,34.70440981859922,7.392195091681728,65.14611527911688,-0.8053529387262867,-0.8882352986550247,-0.11182193487763431,47,0.12488436632747456,-0.10019133784541095,True,0.4874556486772835
ABQQ,PNK,0.3273839153689932,0.3718020184428664,1.0645813882505775,0.21144487753430202,1.087675242161164,1.0581155614751825,7.397837932083517,163817724.80415827,1.2892527812692833,0.05873061244676759,-0.7279619693615924,0.6337084462010232,2.0000002182787338,0.9891291707540228,48.77565292759131,20.000002910382776,84.28571411346712,-0.2000000582076581,-0.9615384626147866,0.151890705000909,120,0.0,-0.09988124406188131,True,0.48675650008061255
GELS,NCM,0.18303203647001884,0.2413410150640985,0.5219892989724884,0.022546825738339896,-0.10741773060238738,1.0517124618130993,15.100927124073724,16636679.777956184,3.6101427362706127,0.66668765793377,-0.391100760804077,0.3648735720402735,1.7105263999954825,1.0478185793919061,44.08607309186742,22.18542698679073,62.95337039991248,-0.47580647487173944,-0.7092198538088257,0.02142369113999874,50,0.11739130434782609,-0.09964227441700907,True,0.48621771052489293
AIMD,NCM,0.15250674404690687,0.17540423833624122,0.5129211401892863,-0.026857319922527188,-0.18666635167221055,1.1415348714191542,19.280652888768728,4703887.282904525,231.6645815207382,0.525111662764455,-0.39340615312213106,0.2416221650467549,0.9817518941747275,1.0013721622040053,43.23817172922415,15.425534583176429,67.17451586662482,-0.7782352952396169,-0.9180952344621931,0.007095329210988802,120,0.0,-0.09871358542048875,True,0.4841238549136312
APDN,NCM,0.16968455145428116,0.21696112723257047,1.1052690522325956,-0.11741251233486688,-0.5973980703640751,2.024530381163587,15.862653379431904,221408.11869647168,39139.78156028369,0.07559657219600181,-0.9638364070116177,0.32298558884412076,2.45354013495027,1.0379692977599402,28.620259201867416,0.0,82.99999446614403,-0.9997782944637237,-0.9999022494376107,-0.1320184158773309,120,0.0,-0.09828648922062705,True,0.48316090846118076
GCTK,NCM,0.19306484224164783,0.24182834653732918,0.6105931192835089,-0.0784146040563735,-0.27392477886243133,1.7754162367308135,17.82099348278736,1923097.3934705541,100550.80210772833,0.08848543931325112,-0.9300221887570835,0.3804773878447347,5.671586484204338,1.008514180670815,35.706914561056095,0.9852216234493341,84.80392156862744,-0.9961787440350666,-0.9991422764654082,-0.0603178628564815,120,0.0,-0.09761187668581711,True,0.481639902778189
ICON,NCM,0.14036032012154603,0.19271907536505592,0.3781970638838299,-0.16851723007493527,-0.5426703228913031,2.2246713305465247,18.19132859906404,3812922.472950347,43.50737631428804,0.13952394068327412,-0.8707470602965984,0.28857683589641053,3.5524751246811093,0.9441959908611672,33.54259560355073,1.3579262649804207,67.54760417469598,-0.9855280502021924,-0.9873370440392354,-0.236525405258383,66,0.08893280632411067,-0.0972515768833922,True,0.4808275578856894
EBOSY,PNK,0.0073784027799742745,0.013404154627465855,0.14821933499971357,0.015062450361885206,0.06177967182450851,1.9047619047619047,20.0,3.2202527506047995,inf,0.8184933262837226,-0.9863881353053401,0.0020743917836111548,0.24892701403333856,1.0,97.62151267271243,14.37445621764769,100.0,0.2553517055964283,-0.10634237554868109,0.07281093490280015,120,0.10579710144927536,-0.09646172728140506,True,0.4790467345666124
BRIA,ASE,0.07058710948822441,0.08667374278483525,0.17186932685062029,-0.05595368965842377,-0.16813804716336708,1.1271682478863179,19.493186953643896,1796655.200920852,19.043018447507514,0.11982381405265022,-0.42415204253102057,0.2029704105591191,0.8361773902540183,0.97914983280584,38.55666161252807,11.909869757876805,61.95426191561802,-0.4923857941740908,-0.5361596239051177,-0.14993619270836023,46,0.1275992438563327,-0.09621832330514496,True,0.47849794720786776
BURU,ASE,0.23351429127059256,0.2836721600101369,1.235728044904891,-0.06713317358755891,-0.4782044303936663,1.6562437872996822,13.994857084467512,60336075.82389442,1866.421854267495,0.2693694310090831,-0.7709198711288341,0.4781902097375405,5.583333002196431,1.0374952314031327,36.83946586153238,3.977932352645624,73.45678803397847,-0.9824334327678675,-0.9954142014136458,0.024357541340614155,120,0.0,-0.09611893074281247,True,0.4782738531622429
ACBM,PNK,0.0679724447749625,0.11857405422676669,0.5088999929415307,-0.08052325574903589,-0.4105338399721404,0.7096425549205471,20.0,752.6586045845698,0.0,-0.7060113112944506,-0.9999999999983598,0.13551863699861594,13.285714731735451,0.9633337367831941,16.75256454445234,0.0,65.2173926564381,-0.9993913043569105,-0.999533333349973,-0.0871644024694652,120,0.07681159420289856,-0.09601238657811645,True,0.47803363485672634
GLLIU,PNK,0.03021576368514234,0.03573107256803425,0.3048024322789893,-0.008420618454398794,-0.006637238288009361,1.1010063318334202,20.0,1187.318691743821,0.2777777777777778,0.11061542577371378,-1.0000000004413725,0.06706460495227348,2.7283582467707803,2.0832031281999894,56.46568659835273,0.0,100.0,-0.6857410926280796,-0.7607142925262451,-0.06342244905283334,120,0.02210144927536232,-0.0960106108163375,True,0.47802963116035535
DMAAU,NGM,0.004589042716404922,0.0045852440942008976,0.00950727691544271,0.0069118120146077575,0.033631083841032194,0.22727479735098605,1.296632202672471,218219.10330207468,0.0033308228191706794,0.1816798523485773,-0.254260851753584,0.013917780714624009,0.07249018860779909,1.0396097284566643,75.52867716550844,56.2499478460726,94.27826453609143,0.05024458912445651,-0.01886799582470603,0.272866953419526,34,0.17263427109974425,-0.09379450399131445,True,0.47303311701179096
CASK,NCM,0.16434110964706855,0.16325157848548175,0.25880958113016234,-0.09672189721373771,-0.3420382288790114,1.8985100747782035,12.388037941788216,7801626.585904554,9.579557772418068,-0.09816234696848772,-0.5516833378524393,0.34011147428361505,0.9105544362061847,0.9628381630070739,34.69866790464735,7.3795158232222775,65.13434600481085,-0.8058529515588158,-0.8882352986550247,-0.11210588773416262,47,0.12488436632747456,-0.0935360462315637,True,0.47245038885138857
INLF,NCM,0.1136950656470044,0.11656811927601328,0.1925063100971888,-0.18619664195157076,-0.47249898761887915,0.9147104116692738,12.514194301560677,8031626.350008776,0.42235620023386605,-0.08494001378128828,-0.774790911801399,0.3763027052017324,5.519173881758876,1.009630203267123,30.986935124845132,9.638556033818276,52.17391529696201,-0.8575720432905369,-0.8675095095467146,-0.3352681971856127,41,0.14316012725344646,-0.09307712470477186,True,0.47141568787226384
BORMF,PNK,0.11353208538871597,0.11878748002494999,0.19734514717991847,0.07489221905414714,0.23132555597544086,2.375913720956636,8.763367849012695,134940.44623439712,222.67509411050395,0.18078552699864467,-0.5148810465006346,0.18203002562515014,0.92307690191551,1.0288822403200786,54.42451948723844,28.753271370136744,77.3046477168735,0.3947454530673338,-0.3952318795734797,0.12043546008441913,46,0.1275992438563327,-0.09209026491921662,True,0.4691906783079688
CBDL,PNK,0.3470135842613746,0.38456595477025757,0.8329072818705148,-0.030330693171621365,-0.31676548800748644,1.7046635608942042,14.99476439790576,46806725.3596361,2045.0854668251336,-0.12433181686710107,-0.6204367008106271,0.5887715332760348,3.439490576920981,1.0171559334318112,44.47325388389836,0.0,79.99999883584694,-0.9833333321691801,-0.9933333333527359,0.10117453424235019,120,0.0010869565217391304,-0.0916705448733745,True,0.46824436239764955
BGMS,NCM,0.2078389257653732,0.22167858264719584,1.1993238687177745,-0.09751836947064946,-0.5101261596853774,1.884076801220768,17.55330327803772,2486919.8288515615,12345.663003663003,0.20677529784081317,-0.5813319646645226,0.3572866172417715,3.7567566963829284,1.0049931364030924,36.00887582607394,3.827164837589038,64.49834937323752,-0.9949969730691661,-0.9971230158524502,-0.035965985593857476,120,0.0,-0.09159890707549817,True,0.46808284524214994
GXXM,PNK,0.46084348223924937,0.6758215706260298,4.024922359499621,0.361111110151089,0.7310615045253873,0.9288484914228794,17.333055263585155,54073124.972520694,0.03322147503403322,0.07044319514521188,-1.0000000088421157,0.49930555878931465,9.0,0.9238082964690675,47.0353468127023,0.0,100.0,-0.5,-0.95,0.12576175851357727,120,0.009420289855072464,-0.09130839581563815,True,0.4674278481076175
IVP,NCM,0.27285225916704975,0.4314243980203559,2.780829653353485,-0.11795012772269985,-0.688539219089013,1.8615884974011276,15.803310315483936,2476690.280861935,11542.422077922078,0.28189568592239317,-0.5973984450137856,0.4308263384651695,2.7095587755775794,0.9793206692478322,24.741733053041422,0.6451637117223612,70.9251101321586,-0.9998820940454178,-0.99991134796023,-0.03607888318208802,111,0.052878965922444184,-0.09101811528108644,True,0.466773371174663
EICC,NYQ,0.00511305466557978,0.005076725200339127,0.008378611863224911,0.008155541949552668,0.033362042873039593,1.2047696905285674,3.810284254231875,51359.71021125943,1.9077647704408267,-0.05514003264959762,-0.7471113642820048,0.008370260712549597,0.05575754184915569,0.9884778018861318,69.03585779738643,58.136966855282274,77.68708304305761,0.14501382916339622,-0.010395875590166935,0.3560785946604251,80,0.07336956521739131,-0.09009631995149564,True,0.4646950582727869
VDAL.AX,ASX,0.011753775545329562,0.011900896393380843,0.03037296228723773,0.026543645418132086,0.13011436338592655,1.3592012147515056,1.8407720088774526,34046.169687737536,1.9674178681903374,-0.10482416023742677,-0.4070430484979973,0.02212968455101741,0.08822267375966196,1.0608810983422496,83.22648889321563,60.517194134355535,96.01382314290724,0.14298629170503463,-0.056682770256910486,0.30064447937870786,32,0.18342391304347827,-0.09000130465385486,True,0.46448083336556145
HCRD.AX,ASX,0.004183673532585907,0.004160822432374545,0.007881914218388639,0.008652998106251687,0.03422305824858936,1.1556033301928912,8.048470454146042,24056.352245089332,6.055349883228094,-0.13367560604455456,-0.7355571504815581,0.005823532448698235,0.01960783415790486,0.9959590151406289,74.61645183152528,56.16434237192324,86.47406849038909,0.22449598238668544,-0.008554930005188711,0.42604738493664107,120,0.0,-0.08958669382947321,True,0.463546036889697
BWVTF,PNK,0.010185246620853631,0.01797357373772907,0.07360845332352588,0.01177657571163949,0.050230639459269213,0.9522923470291892,20.0,63.407227279145886,inf,0.5253767366677203,-1.000000000013536,0.003793909074747788,0.1875,0.9592206848813768,84.29264142078578,0.0,100.0,0.267741951891171,-0.15789473684210525,0.09518203684748938,120,0.041666666666666664,-0.08938451522437957,True,0.46309019773542837
AAGH,PNK,1.1267590058821082,1.7501578844618586,11.339012416009883,0.6445382312116081,1.4149854938301027,1.634680609199702,15.599622200559045,21268308.257900007,18.09954782715426,-0.015535737930448296,-0.6915403948947006,0.7183290724581869,9.00000072759578,0.8671330109985161,46.56404347398915,0.0,98.27586201921908,-0.9692307706429077,-0.995238095294191,0.14599360244640683,120,0.0,-0.08930889237866829,True,0.4629196957477604
CJAX,PNK,0.04319723156984409,0.076960893543235,0.5131708343698418,0.04378283683464817,0.1738154238218205,1.053248502414955,20.0,87.02762894355767,3.65,0.6541419532003807,-0.9999999999999949,0.012455220456619379,0.8181817525017695,0.3816515697107742,87.06766842198498,0.0,100.0,0.9722222479773164,-0.44999998013178455,0.11501662545338653,120,0.03731884057971015,-0.08897208901437709,True,0.4621603267697113
ATMV,NCM,0.014025449272968178,0.00857785926859875,0.3587257200344958,0.015057423946958814,0.03410118044600245,1.1260589111908366,13.18833074400138,123748.26051375167,1.6976142041399,0.24290829381167825,-0.5290927512218391,0.03386561528079972,1.3626125657841943,2.2083150945998815,79.58699217553043,42.85712339442292,99.43073615772286,-0.0033396802424516814,-0.5295045344205106,0.032536329584520386,120,0.0,-0.08896055592904267,True,0.4621343238607364
BSLK,NCM,0.1740436132605027,0.1738588850823811,1.3825942815687815,-0.05179332126216895,-0.2789237330475983,1.75259597899905,19.505926210963832,8809356.636079518,90807.90286975718,0.20876709336387042,-0.9776475812149485,0.26556265835941195,2.9658312624770575,1.0494168783710378,49.59543891381672,1.1395305812554284,89.47365250946646,-0.9825536063501549,-0.9912065435772294,-0.001745295932600123,120,0.0,-0.08890810655634168,True,0.4620160696187364
HVIIU,NGM,0.005824261490429538,0.00786477574989842,0.013956982593165313,0.006665613284490041,0.037446522057610156,0.18659054765742855,1.0887888966347676,147448.37426841859,0.0004113916658665542,0.2635807453895466,-0.2850996746275672,0.0072711083737421805,0.04356060794206573,0.8458000433281475,68.69870884522089,44.82755785752456,91.11129007305179,0.052104256674860405,-0.015369822262954672,0.21061715583081012,39,0.1505016722408027,-0.08868955025566855,True,0.46152330472300096
IPTNF,PNK,0.30262610666861794,0.3918010044804737,1.438111727060741,-0.19053142503936582,-0.6995139367124177,1.578044567012976,18.413376959726627,94689.87760061458,1.7573697424468955,-0.1825800204169244,-0.7537961809870288,0.3117454616892377,3.5444446295591865,0.9384876295497523,30.511397770481082,8.583841204376498,53.18580933111888,-0.9963666666299105,-0.9963666666299105,-0.022525061495675094,89,0.06595017098192477,-0.08834492465817351,True,0.460746299456649
ESHSF,PNK,0.7854048524679165,1.564571065625384,18.79405076002288,1.2916826105263743,4.291682680375569,1.1111111111111112,20.0,3397.7625042245472,inf,-0.07535230972289238,-1.0,0.03319531765310631,2.306699924170971,1.2518905100490016,86.23917861106463,0.0,100.0,24.00000055879356,-0.4174999986030161,0.09036584600482388,120,0.09927536231884058,-0.08819483359835839,True,0.46040789875526067
DTSQU,NGM,0.002537020608448194,0.003164669623181909,0.0064193585116805105,0.004113039310656671,0.016471968562649906,0.7424422407711506,19.23076923076923,66300.76758649902,0.00117090534401199,0.17962825303566418,-0.9533573896870186,0.003487076814299319,0.050545116072275846,0.9783648016012387,82.13068009077216,54.54561217943161,100.0,0.05788422127831949,-0.004955420215929253,0.273286561895989,64,0.09714673913043478,-0.08785592766279265,True,0.4596437892443985
EPWK,NGM,0.33307321328356043,0.43195056330213466,0.8232085878007339,0.03716239722303399,-0.9199500662296944,1.7433477262395012,18.006518496211577,20844609.159084126,35.03446558227518,-0.07219200421213684,-0.875629002805262,0.9562137344343637,19.568000411987306,0.8951590940900686,38.67575045377539,1.5600620525256659,57.95604998152241,-0.978313252648658,-0.9959857268835854,0.0248622501316873,36,0.16304347826086957,-0.08783367079981158,True,0.4595936081206675
DRMA,NCM,0.11694453476218647,0.14555095149767364,0.3281390150137498,-0.13665073396357255,-0.4599818384888611,1.2955936342361403,18.83901832597257,568260.1230159064,122.36558760355938,0.13421391700745947,-0.9123268986668711,0.2462799168436815,1.6343611953546735,0.9830243752689288,33.7944931943315,16.934757987144124,55.474451487710766,-0.9832323228470002,-0.9832323228470002,-0.21588148068631932,120,0.0,-0.08713203421939847,True,0.4580116730525563
ESGH,OQB,0.17305203870314548,0.31066740829222983,1.524585511579203,0.568701434268767,1.5875386258739612,2.198396770041538,20.0,21254.055696775235,1102.53,-0.060133320271100264,-0.9085352780008997,0.14483980374012587,3.5673078598355463,0.9324754325506982,47.517861005931834,0.7352760712535229,100.0,4.449999809265137,-0.8509984647455476,0.14047840264047318,118,0.07148120854826824,-0.0868586146266182,True,0.4573952114053128
CAPNU,NGM,0.009886182305201354,0.01787494472309095,0.05655466381234968,0.004701965683833087,0.02105206462760069,0.1274602991153586,1.8666666666666667,21277.868980214716,0.0,0.35597597422218946,-0.5994624156607812,0.005610914831937345,0.09061119825496163,0.8777055308464463,70.46371841569682,7.509894832070557,100.0,0.04499998092651358,-0.08275869047282766,0.057400803810840555,56,0.10714285714285714,-0.08656814939667407,True,0.4567403180514842
BDRX,NCM,0.15845290562488154,0.1733278490946013,0.47948054122877626,-0.178474877514339,-0.6328414181984078,1.489873022649211,13.20833896971113,512440.90961310844,54.443820625360615,0.28558986108173134,-0.7752977516213306,0.3522944117984114,1.9320388349514563,0.9832142015878289,29.812771502185416,5.412156536219825,53.303961287548425,-0.993340580014215,-0.9966167939164257,-0.15513510265053235,120,0.0,-0.08596844946612453,True,0.4553882130202419
FGL,NCM,0.11282036548076739,0.10521578966894182,0.34840430729611094,-0.09353100051061626,-0.35259212599323103,1.4414565340914727,15.388574126534467,3682510.1597493035,2.6860707767870267,-0.14828693453083786,-0.9382219274747988,0.3368707319529549,1.4083332257138401,1.2183903183537406,36.54896751082533,17.857141716747876,56.96863892600333,-0.8988596516300301,-0.9135250002145767,-0.19476042101490607,51,0.11508951406649616,-0.085087653193959,True,0.4534023380677418
GDHG,NCM,0.21541228620990704,0.27194505982955414,1.2580829975715497,-0.10198449722400156,-0.41927374343377954,1.9659772833070763,13.215117062867927,45700.678193613094,39173.51282051283,0.07807223867332683,-0.9036446094313362,0.5840905296095739,15.419117647058824,0.9993708267191688,33.67048236652145,0.5888040954127263,93.45991561181435,-0.9999100606051359,-0.9999877052633721,-0.06608620371758826,120,0.013043478260869565,-0.0850005475108509,True,0.45320594646190604
IMG,NCM,0.23492521993848123,0.30024939576097526,1.6500004166811304,-0.07373134769834747,-0.3658979142705087,1.426558819646039,18.549395633569667,35999443.238753095,1441.5347621509825,0.4487480959214318,-0.8052188554066493,0.3522751736105878,1.8361582118768014,1.016306632125465,36.882020820274484,3.854879459243989,71.5765839195829,-0.9744942654738876,-0.9779825423032242,0.020931196176589915,120,0.0,-0.08412236884256347,True,0.45122597325324987
GSAC,PNK,0.15589599074112825,0.20559900276816354,0.4767515569157457,0.00022496318232443542,-0.016803458951411904,0.8464763249967573,10.425724410732562,60902541.325902745,0.08255457082429514,0.26359883528366185,-0.7206385891022417,0.34107141852349443,0.9999999417923419,0.96929733719331,49.455944272511424,8.333333737553204,100.0,-0.5238095320589089,-0.7619047660294544,0.015509942446039527,120,0.0,-0.08403560758382761,True,0.45103035819899073
HSDT,NCM,0.17026426004754175,0.17415084295149205,1.0373749651706157,-0.09732421368696814,-0.4666918113913558,1.7523363262104241,17.89708567178308,750937.9341787738,14619.386187455953,0.14061824404555687,-0.934305617280905,0.31894214134231297,2.833944968127329,0.999079008049097,32.57600422769984,0.6198739834798914,59.98498498498499,-0.9979583333598243,-0.9992779300056818,-0.08445024384379685,120,0.0,-0.08389121328007715,True,0.45070480160870596
BAMGF,PNK,0.019357904144702717,0.02721881699763978,0.15162481924276022,0.02590237672605569,0.09073131738562973,0.9231453915629634,20.0,205.25191414267437,2.164102564102564,0.3714450788732593,-1.0000000000021398,0.008130585366319313,0.24975004196166997,1.1867119549709724,81.74927744132603,20.409148995740836,100.0,0.7766123710824997,-0.19984000100539379,0.15509131983778404,120,0.010507246376811594,-0.08369799026921249,True,0.45026915405926826
GHHF.AX,ASX,0.01870711781096122,0.021058134937125713,0.04554357923451698,0.02224024174551273,0.08488133281576495,1.261726931015117,4.552899903831575,23571.95342345733,7.949566667508907,-0.4147442750608076,-0.8578098349365009,0.027494145084957212,0.13940312163876625,0.9591754533334987,66.41122668019919,32.68624097571181,96.24696213400081,0.40990964292502663,-0.14695463760448974,0.23657916298555304,77,0.07622811970638058,-0.08357826161188558,True,0.4499992095224943
BMGL,NCM,0.40222937336425907,0.8113194294327523,1.699995032155312,-0.0949523706704962,-0.4651337952105177,0.43706475561081587,4.153887940779913,34641656.08259951,0.7156156181480856,0.3997346328374243,-0.8506714497827838,0.3932141185668179,2.0506330164478648,0.8171587314352706,41.14342641748562,14.19753185053517,58.16842339954758,-0.6069973541421587,-0.7504553621339515,0.08027896276534294,33,0.17786561264822134,-0.08342402399359855,True,0.44965145984124677
JACS,NYQ,0.004498785129600704,0.007252816167785881,0.015733599739718686,0.005769675181720894,0.024533070838525982,0.359763801647781,1.5190586013401857,540452.6831893169,0.36945216724067165,0.07980785202244148,-0.1449008635558716,0.006734910342875929,0.046000003814697266,1.00997140384731,70.0926193168235,53.448267357257365,86.84187411064069,0.04522611235088769,-0.021359248830568466,0.21271007930778768,37,0.15863689776733256,-0.08340098004520374,True,0.449599504126435
DVLT,NCM,0.1671598406948763,0.18325634155676948,0.6532015640246117,-0.10090735175853503,-0.5348753272059867,1.6911224426629496,19.152604727542325,29820751.547447767,36498.97138483421,0.29826726211689086,-0.9140021913902285,0.3019681063414578,1.5789473684210527,1.0236372168972148,30.672311329768164,0.0,77.83018737957121,-0.9900262468443142,-0.9985238095124562,-0.06972224419408521,120,0.0,-0.08279326513268975,True,0.44822932822860195
EMED,PNK,0.2543264149939349,0.2583033746343903,0.758287544405155,-0.01993694588188267,-0.29392784087114904,1.1848514107010726,7.770111457554012,95605738.0135017,4.442586262141115,0.002934203890510674,-0.72744104073272,0.513141265822156,2.499999963620211,1.0130349815449595,41.87485972394677,0.0,62.01923097104172,-0.875,-0.9090909108948655,0.051746431738899354,120,0.0007246376811594203,-0.08273154108989039,True,0.4480901629818408
AMC,NYQ,0.0916836139719573,0.10659861681989773,0.36025570266189233,-0.062196382357365285,-0.24893430948443032,1.2438718033351146,10.57213140422668,67561720.56448185,1.7211462092932226,0.17176120458706087,-0.856855441900365,0.17576861701312202,2.244569503905231,0.992464862661542,38.33510301952694,6.336082744259855,70.88353389620872,-0.9329545443708247,-0.9496197685885635,-0.10472929471804977,120,0.0,-0.08260148044433774,True,0.44779692357282963
HOLO,NCM,0.4086716009498709,0.6275110625187587,4.802243087387656,0.10827073658651255,-0.505554152350024,1.7909909078374853,18.982434347559032,4130895.275496153,51534.90122850123,0.30612754486988003,-0.8204853182652979,0.537292495517706,7.657794676806084,1.0012079929683164,35.40951325343191,3.0683033478714066,90.86629001883239,-0.9998181089758873,-0.9999434238551651,0.052403680881946205,120,0.0,-0.08249958644637861,True,0.4475671897004784
AGMH,NCM,0.1738422317293863,0.16514089861535208,1.5750784996451248,0.059890507052268095,-0.08132381858846158,1.70050309527322,19.802746462458778,4009363.521069576,109766.32286995515,0.03368367411291397,-0.8189826933074683,0.28333283121310554,1.5406189622916813,1.0600099188124894,42.01736282769722,3.131828248187446,88.31242883599668,-0.9318823533899644,-0.9853658536585366,0.02596289830384864,120,0.0,-0.08213479538968144,True,0.44674471866457144
ASST,NGM,0.48973277807238935,0.701668471316524,5.384138711424554,0.48739838954398873,1.2682733428860604,1.1191946672997077,18.459510246408904,42686382.492950544,415.47394422767957,0.576301924743886,-0.54811901880961,0.39246512263736194,1.859155059641165,1.023497585707806,44.732143715765034,3.294118993422572,96.83229850042262,-0.8212643699265485,-0.9581609194725063,0.08956415913788425,120,0.0,-0.08113045140349656,True,0.4444802885927286
DMAA,NGM,0.0016593393889893988,0.0015498731655209012,0.002344798022158881,0.004946097316856127,0.02225490470367947,0.7515807915696187,3.523866230028778,313607.843315975,0.2122482977846673,0.07589152103179284,-0.41201284800807814,0.005288216699703291,0.024950098660554015,1.0248455486143153,87.67332747830328,69.80194981469678,100.0,0.032096257397552064,-0.0029125953801609635,0.5862200682461266,33,0.17786561264822134,-0.08086382633930306,True,0.4438791461339977
BEIGF,PNK,0.029445599604862496,0.04741458908516902,0.14954743093586637,0.0044089842619840156,0.034289520290748984,1.1675773263393574,20.0,165.3478546717102,0.0002620545073375262,0.4201813860543217,-0.9999999999999819,0.02015523094265107,0.6959247373374621,1.4337118380938372,57.34002566506749,0.0,100.0,-0.049463697462237555,-0.3444577145485796,0.01604399276674813,113,0.08003078106964218,-0.08083229554807608,True,0.44380805567811255
AAA.AX,ASX,0.0026334333943305284,0.0024493550888385735,0.0032741221570763,0.004125316181741127,0.016542567314996946,1.010831975804336,3.8073047144739545,750625.4619720828,0.6469766658587266,-0.08034047009239344,-0.6411655087227731,0.001246033323482521,0.003992751999060532,1.0052879991694044,69.95489482040875,62.5346805688406,75.02138084386742,0.10276750921988387,-0.00318417423573515,0.3408861347597542,120,0.0,-0.08070713486257958,True,0.44352586389526794
IVDN,OQB,2.7338866073938046,4.84392562071005,40.11195551725559,5.49777222871326,9.557878955584147,1.1679065561152904,7.940370530960662,57580.71292091768,3.0035965978128796,0.021066100986146676,-1.0000000000162472,0.387037048529862,17.18181787394295,1.003929282069476,46.00085955014119,5.710771422397741,76.25298261268019,-0.23163622643309878,-0.9967713531190313,0.1233376841176334,120,0.0,-0.08065637229132866,True,0.4434114127764822
TNC.AX,ASX,1.9706806170347249,3.819727971218356,44.37032181044617,3.343682110015221,3.695059266427178,1.0965592358547869,9.664287212317907,3250617.091789058,0.1428467064213359,0.10693001723556991,-0.6582456768722661,0.18366982430073964,0.9900000002235174,1.0160579160771654,42.83100276024189,2.542373459252161,99.89915970987069,0.3111110875635965,-0.9383333325386047,0.0888736440133637,120,0.0010869565217391304,-0.08032186191354546,True,0.4426572136482799
HEPA,OQB,0.16947608680390794,0.18168008549538334,0.4098264618331556,-0.22115933827240056,-0.6182101272971003,1.2500408192187407,19.84144516673311,4150146.5430811215,131.73969490425185,0.08300794218265274,-0.7933236061178542,0.3929981643749622,3.4426229267920005,1.00702026658741,28.036084493178073,1.1521481411478192,57.51634026712912,-0.9998495238025983,-0.9999200000010786,-0.23247287834467537,120,0.0,-0.08025184901814159,True,0.4424993600563333
DTR.AX,ASX,0.18619934465994276,0.22894020431769138,1.2402069759485277,0.42351568668350587,5.13900595135261,1.3214311831753525,10.997191434118639,39481794.1250991,22.228892803268018,0.0382066840805262,-0.8434165198530638,0.22986555937805198,1.0,0.9896956730385996,51.34326775127341,0.0,100.0,18.10714320401299,-0.8928571452329657,0.1692833084262285,120,0.002173913043478261,-0.08005332263229475,True,0.4420517553269282
FNMA,OQB,0.1291356008864981,0.14424522406001553,0.3850289279589328,0.19513736067092916,0.9323715158069993,1.179942479644319,7.522696129265774,21548136.553353813,2.359318367465278,0.4302561840260873,-0.7870680059006564,0.1720993016794687,0.725806426803478,1.015742483313952,62.85490720012023,33.72092523595468,87.26114105600892,26.00000040639531,-0.40211640011406247,0.24379611354480635,120,0.0,-0.07991393283776188,True,0.4417374820831095
FBGL,NCM,0.11276179489280011,0.1052116814842517,0.18455806426862717,-0.04670253350425343,-0.18191608401370593,1.279596061014035,7.8374195922942445,2772452.6629909016,0.47814695079408703,0.3345729662528059,-0.2515047324001801,0.3559235065421296,2.182857036590576,1.184017613503036,41.85662248038184,16.25441523699763,63.751763864701644,-0.6211428642272949,-0.7039999961853027,-0.1528746111852799,36,0.16304347826086957,-0.07932196387909812,True,0.4404028075791204
FGMC,NGM,0.002490011896862417,0.0027870201131379307,0.0036095769036337717,0.0069999235280306755,0.03458067006819839,1.2406022740710558,6.19800393385299,240090.23373737073,1.3569637581658551,0.2690674151156173,-0.2733197046080503,0.006060493349940885,0.02444104170001799,1.0638286695242678,82.72898717351437,73.79022334338276,90.0,0.04212175728407841,-0.005720161498773365,0.46230584749212283,35,0.16770186335403728,-0.07929382701057835,True,0.4403393691834312
BAYAU,NGM,0.010834203670518492,0.014753712313627577,0.06697842582176683,0.006387038976973854,0.026424417314972668,0.4658622397002532,19.184686281460475,28925.58487889422,0.0,0.3644261611568232,-0.9488327789450236,0.00862280154065783,0.1217137238835325,0.9474237837704469,69.22273137747976,15.625039581158703,100.0,0.12599210985874087,-0.09394210853784651,0.083755128797012,96,0.06476449275362318,-0.07929198897575945,True,0.4403352250840248
CISS,NCM,0.13263756906518318,0.14439393863471814,0.4716529865776875,-0.196521332876729,-0.5572396569917856,1.9348957954613706,16.47998622590706,562573.9175692148,3782.1417917868152,-0.08560372503273969,-0.8355724766799277,0.2976383595599729,3.0074074074074075,1.0308675991440952,29.115128231309146,1.8317115054379087,67.78169014084507,-0.9986606606492051,-0.9987988506240406,-0.2551288578752335,120,0.04021739130434782,-0.07899346611316788,True,0.4396621647018416
ATIIU,NGM,0.019734399829998302,0.022897905514607585,0.09803126678538289,0.019126461677694422,0.04874795600033052,0.042690652125771125,0.5639307649357901,187443.57354995722,0.0018470201700751985,-0.12391894725355282,-0.7124663846103858,0.013832223572726723,0.15035795032092622,1.0809276034343132,57.42457513832357,42.85713507203791,89.39131986622677,0.25324028210124405,-0.05140188790084069,0.18122313174150778,35,0.16770186335403728,-0.07895225902673991,True,0.43956925772279454
GPUSF,PNK,0.15178483005829477,0.176123856064795,0.8428401464423958,0.07947914568662294,0.10947744490523184,2.4514749708608874,20.0,518131.8740336428,inf,0.17228294734053004,-0.4799823154941678,0.28188683906238815,1.841269758673333,1.0394169232687493,49.749089824891186,6.558930685685468,100.0,-0.22757953548897725,-0.901562496216502,0.07700371000021751,120,0.04673913043478261,-0.07875107537237541,True,0.43911566182022255
BCPPF,PNK,0.007406436009871032,0.01194841904964511,0.047925402988881434,0.0038174276591726288,0.01893564940619631,1.4009972263118082,20.0,111.46280983988134,0.2808988764044944,-0.5588093274422751,-1.0,0.0014555796793529385,0.10921499179246098,0.9304852306904076,82.63859697627922,19.433527394709103,100.0,0.08650602407368724,-0.1309520755126812,0.059370782254599824,120,0.059057971014492755,-0.07846498308923072,True,0.4384706278695182
EMMA,OQB,1.5928320049527482,2.9323377705507765,33.0738360712729,5.944464651043668,2.1674724235404264,1.133797956690877,14.932415991011972,165670.89695512378,2.1609968532060337,-0.1650688537813928,-0.7469241229662099,4.5976363560051725,429.0000254658523,1.0002000282502579,40.42032118931208,16.554013796226258,63.38582594512934,-0.9372608687610053,-0.9996153846109932,0.09338611218280388,120,0.0,-0.07828279184211034,True,0.43805985293136873
IPC.AX,ASX,0.015294354574993032,0.021982240497534614,0.06163115900303681,0.021215784495695025,0.06485843649454287,0.9800025869834766,19.97336884154461,4002.717084848378,0.0,0.4045108361849378,-0.9976148767585861,0.00746056027449326,0.13793098061887205,0.838553946003461,80.48791132710875,11.1111281200469,100.0,0.8386434577768893,-0.06451600955448542,0.20687241786325528,120,0.008695652173913044,-0.07804471284222309,True,0.43752307145586367
GRAF,ASE,0.002341959171550736,0.002456100308889496,0.0038934245696151115,0.0048417752213440485,0.022652697491799302,0.5990376888686375,10.460755572763981,150824.35010402522,0.02105096214844576,0.22507160478585844,-0.4100601554864571,0.010548090415357007,0.10810810294795153,1.2029076100493155,73.73017061066399,56.493468292033455,92.41062495476433,0.061061123556290786,-0.005619049072265625,0.4011134276030642,61,0.0962223806129722,-0.07749988146566594,True,0.43629467503976516
AAM-UN,NYQ,0.005928823402083731,0.009968924217921522,0.032480558837643704,0.004880586674628976,0.02305843226522224,0.4837484125593346,17.30925451477848,149891.32273278272,0.001169362496788112,0.26609152916720286,-0.996828680740418,0.004070586825215698,0.09844056592110902,0.9151419329671904,72.5846666079316,40.000023841823804,100.0,0.058058051751199935,-0.04494386537405106,0.09999621356672377,63,0.09592822636300898,-0.07713777665685012,True,0.43547826051494065
ETHMU,NGM,0.01965023508678764,0.020872647665005562,0.07702618377820095,0.02318441923925511,0.09697472684913022,0.7388862180233086,16.70553464268954,104487.45291062926,0.004145990345902028,0.28878621952532235,-0.32728378792176666,0.03395731336513936,0.3491803520887461,1.0041461274045536,73.99140375056001,57.932349218036855,91.99163386974136,0.15461846947337365,-0.07295077078382728,0.11355477161237597,47,0.12488436632747456,-0.07710941288726986,True,0.43541431053996016
IWAL,PNK,0.39905745191907455,0.5454714537206685,3.650424084380244,0.5689511448911536,1.3759710815066646,1.1087436188535746,9.576049221462208,129928.1263810684,0.5544281079588597,0.14773140554437802,-0.9377540284490652,0.3160334004317001,1.3899999981373548,1.0184628167929815,53.591904777569695,5.517241088618121,92.43827293126739,58.79999615829456,-0.7808219041765506,0.1523631140774985,120,0.0,-0.07696392626774956,True,0.4350862911752563
SMCI,NMS,0.13134588969647804,0.1474681155604332,0.4687094415179115,0.08115198526567946,0.5280251452671983,1.053070703768396,3.9034687067838973,131385050.43948968,1.0215816976043555,0.1046707106448563,-0.6899424388661577,0.1881334297644834,0.9209213965863364,0.9837285599260502,55.27291569433077,26.596132126179455,98.24295060885015,1.429880487478247,-0.8370189734016876,0.11649805316844278,120,0.0,-0.07637055436184631,True,0.4337484535359649
IBG,NCM,0.20782436758319073,0.22602263805935702,0.4494541874306388,-0.0232363194402998,-0.2241273444224139,1.4432159200701595,17.594866936653492,6481502.876214272,11.786582949099417,0.5093701015017106,-0.4716279271327888,0.39777508994957117,2.008368092732254,1.1114393595318273,43.84082688490851,21.983469986588275,65.99817610893967,-0.7651245614003332,-0.8631870338912233,-0.0018768405621184018,55,0.1067193675889328,-0.07568699928722794,True,0.43220728568110844
HKPD,NCM,0.1400827121937686,0.1685929420035264,0.2813395431627934,-0.02810906009377973,0.0014516774245902102,1.2132356180627075,11.121365054100945,19383959.22328299,13.993466130385285,0.5441792219555757,-0.4371576864273838,0.3202934251794393,1.01986753084718,1.0003774359368742,42.66595528223619,5.332041350425698,61.64692782421894,-0.5672727064652876,-0.6763636415654962,-0.0735046656117101,39,0.1505016722408027,-0.07544841044693568,True,0.43166935470109014
ALZN,NCM,0.11404695003104141,0.12988967368260687,0.33329496402647996,-0.19745629060094544,-0.5639932093219203,1.439529733307092,19.60794707281712,2477673.5569315203,913.7252179051559,-0.08798631105969693,-0.9196980972015462,0.2395193294033365,3.905843993878044,0.9894672982754347,26.468809934279136,2.301256219499578,55.784062100007006,-0.9968336963445792,-0.9968644371567678,-0.3050069149948747,120,0.0,-0.0746782746787577,True,0.4299329789007147
BTOG,NCM,0.25618995312367177,0.3121672252603846,1.243334992578655,0.08297053797207715,0.0691812149309867,1.4373806010123105,18.874202803485893,67926862.10332873,411.0677647412756,0.19409622296880177,-0.8853147995158676,0.34625788247089345,2.4120881005792376,0.9727560611889878,43.4818830916773,8.202324403945653,91.5364566128725,-0.798335778786768,-0.9858823535936588,0.0796359399635229,120,0.0,-0.07448938325591964,True,0.4295070975054246
AUUD,NCM,0.12646608917328364,0.13434798235813297,0.293534910819661,-0.14332731073363522,-0.4954261305367356,1.4355856240097988,17.450739974577726,2068592.4748831487,1539.7844336058254,0.1815363119531117,-0.6399526339957595,0.30861996160666366,1.791262208365472,0.9551248202642109,33.381295264543375,8.03072768172487,57.51724342046848,-0.9891753309088354,-0.9897227857949525,-0.21424906585607542,120,0.0,-0.07383449627435928,True,0.4280305657642063
CDGLF,PNK,0.012862394182593134,0.01875400301615186,0.055325418086780445,0.012353000282381614,0.059264305716894186,0.8745458837599331,20.0,2307.351814015588,0.09210526315789473,0.34651737829165097,-1.000000000042678,0.003294855734137549,0.12055873765347579,1.0,79.93243745956323,0.0,100.0,0.312840099002351,-0.11886351383361504,0.10966027914952244,120,0.02463768115942029,-0.07378715209530945,True,0.42792382187541733
PGA1.AX,ASX,0.013770893867073287,0.016308645538744115,0.03222670495740646,0.02786179819802558,0.12046674633891802,1.5372124306931574,4.501424812246481,334792.5023690669,3.7182184195088555,0.03254994627854519,-0.40032242072794344,0.02274176218152808,0.07135976209826009,0.9470719377813999,73.15611104710842,42.22219985207445,95.38456497349767,0.306324151830607,-0.05818184939297763,0.3793664970495579,47,0.12488436632747456,-0.0726781922407142,True,0.42542352110421355
GNPX,NCM,0.2088906723959486,0.2739067453290802,1.7588605393414933,-0.0594157738094817,-0.497884650191632,1.5378954341770688,18.492875802143008,22819044.81756597,530.5590088933936,0.11347620787585294,-0.9413446866592203,0.30790403204426925,1.7459595878104048,1.0298150327431608,31.410153305359994,2.7122645032147688,60.54400799197633,-0.994596944023939,-0.9956796625794168,-0.02236720776209049,120,0.0,-0.07239329905763264,True,0.4247811906876364
RAN.AX,ASX,0.0741361322705893,0.0701548839172896,0.4190929276704693,-0.012083333789293164,-0.08618055824981549,1.8602264812954357,20.0,1689422.4612508477,inf,0.13387674734139,-0.9999999999999495,0.10372023362291673,0.8000000093132259,1.0841162313982544,34.80263613949873,0.0,62.49999927240423,-0.5,-0.75,0.018725787262884878,120,0.08586956521739131,-0.07192311688521852,True,0.42372110105190985
CSAI,NCM,0.21202508207564827,0.19019321525941807,1.3396055570361136,-0.2436448300323789,-0.7024412041801388,0.6982721945477458,1.5424987739645277,6523734.429855296,0.19479432237770836,0.06431230663779883,-0.6635210434184681,0.5238559462777912,4.400742185112082,1.4088622731063103,24.518082963865695,6.508874473577521,46.81508963484696,-0.9496261322677603,-0.9531680415440201,-0.023851590430558792,37,0.15863689776733256,-0.07186879258984818,True,0.4235986195418292
LKO.AX,ASX,0.03203677920083308,0.024406819584784877,0.4078454208644217,0.01400463350240668,0.019916665057341257,1.5427620190489364,20.0,114856.22905171949,797.0985915492957,0.29676175288264234,-1.0000000000000007,0.033654115077519746,0.5217391097778483,1.387652932704722,52.240858368195966,0.0,73.17072993442471,0.16999995708465576,-0.36285713740757536,0.05145746589962107,120,0.10217391304347827,-0.07186366582285503,True,0.4235870605485855
TSLA,NMS,0.0723461694854449,0.07984558988496403,0.18342385609838135,0.04373826503679914,0.15477520673311077,0.9707870407173164,1.8576734867404399,112834850.60455446,0.7322852798907633,0.10990573147980941,-0.6135126641792882,0.11133473125486737,0.2796525316944552,0.9932922408583473,53.41903597728455,15.559803947230279,82.14511252893686,0.6991425940345153,-0.4773971124458529,0.09224020471104784,120,0.0,-0.07121483029804382,True,0.4221241726393907
NMG.AX,ASX,0.1098424230639448,0.1299576221047253,0.283647062886314,0.16483727146256033,0.6513373755604707,1.1937796228439737,3.2716071882562665,54357958.23426819,4.077177134028864,0.3835992670558655,-0.33402521411872405,0.16014761342202546,0.33333339542150636,1.0046449733902996,65.63960345404217,47.058822884897836,82.6087048069538,2.5555558774942373,-0.22222216473317194,0.27465069225813477,49,0.11978704525288376,-0.07109415511179468,True,0.42185209402446733
AEAE,PNK,0.011154586158558332,0.013947639664187272,0.05782464349605125,0.006363481263953877,0.02278661724364461,0.5132894749292455,8.080808080808081,33109.150906656454,0.0,0.3641017503791989,-0.9883936296174337,0.01060015656712093,0.13457940243479297,0.960428112466034,66.7626076822693,7.368436903169467,100.0,0.15072458052613702,-0.129186594137732,0.0797325082956133,120,0.002898550724637681,-0.07109059667143597,True,0.4218440710368575
HVII,NGM,0.0039398253079242366,0.003931969060340721,0.013469633541748825,0.006612071906219492,0.03006567546129868,0.40801846821231513,1.3934369121438026,445758.6556624067,0.31963712101692004,0.28139307136177816,-0.3697538825212356,0.0035699445640863187,0.022158043677731953,1.0820052486102911,81.43355198181847,53.57142248932652,93.93952529990261,0.04065036710645531,-0.018304482848057357,0.21609321040473892,36,0.16304347826086957,-0.07059694423046886,True,0.4207310644895582
GHM.AX,ASX,0.15115002828251545,0.18423281735370522,0.35344049881636525,0.17368435731411946,0.6719393348134919,1.1933819884964962,4.24365965509982,1250850.495369728,2.160365495356946,0.5408891278917277,0.117249089678549,0.16606308912285792,0.530864241591606,0.92191816918059,61.041389078147255,44.32990045473419,82.07546936400506,2.0416668141260774,-0.25,0.2325631078198773,43,0.1365015166835187,-0.07056752222092338,True,0.4206647285686932
CAPN,NGM,0.001825268129549932,0.0017170450509856369,0.005132591785648702,0.005197451067681595,0.021001949658842643,0.64499371955728,4.688097306689835,74190.47066115795,0.11326876996805112,0.20099540410397237,-0.44333249104627204,0.004913204322427832,0.04075545032906976,1.0395057825706244,87.68204651377809,69.99996821087633,94.73673643527582,0.0481927249395504,-0.00666038505938097,0.4557553873913308,51,0.11508951406649616,-0.07040059690912132,True,0.4202883727573419
GSRTR,NGM,0.1400074544158067,0.19632009816680726,0.38118236374997516,0.3850198698342143,3.0314339718430174,1.584951267223284,4.400865744080803,146321.132298182,4.84147880041365,0.3369930347234597,-0.21703014564620032,0.18310194744588212,0.5538461961689801,0.9731798541482037,78.29941406295696,58.99280661918649,92.54038861550845,11.833332505491077,-0.19736839215841284,0.3989530440742758,43,0.1365015166835187,-0.06997995131306028,True,0.41933997006821233
BESS,OQB,1.831700803195386,3.466157181621665,39.94935015227642,0.5721024087578006,1.05266341814237,1.0885979712182126,6.572237960339943,1577.5812970695915,1.522975357866527,0.08682062287697134,-0.702464875969415,0.24106992341712158,1.0,1.0314440904472861,50.92276999923355,20.000002724783016,100.0,0.32142861096226505,-0.9954545453225989,0.09356356221480792,120,0.0010869565217391304,-0.06952711304486642,True,0.4183189846227031
BNZI,NCM,0.12333161575509251,0.12878084839720177,0.3817173150425564,-0.22563983618289601,-0.5725892546434028,1.5489184033631982,19.213355713832055,773632.7458883111,4198.896524486572,0.31555404095101414,-0.8343735524516527,0.28322425643464155,1.6440677966101696,1.02752627248163,31.1047026118054,1.367989056087552,95.0,-0.9993650190277245,-0.9995891132723145,-0.307432983946928,120,0.0,-0.0694449274174907,True,0.41813368595146827
FFAI,NCM,0.5892296801433605,0.9839298470886308,9.623203206082277,0.30906273383538796,-0.27777339482472796,1.6952474632843182,9.635996537397492,29693056.72453121,1534.5631232182914,0.42642799691012834,-0.636603255466524,0.4194764103881201,3.7427183784518494,0.9841056427876782,36.110181436897726,3.7707390675686696,87.79091485269741,-0.9992968749875824,-0.9997031569558287,0.061043457442241045,120,0.0,-0.06922714753305687,True,0.4176426715917092
DPLS,PNK,0.18085410795875048,0.20515961720413942,0.6997941835473087,-0.08577069020761392,-0.31738582629019524,1.1353689580446598,6.523203077824511,119521551.86995587,3.330797311317343,-0.027799779931177757,-0.809140023423951,0.37565007548491053,1.5400000260770326,1.0204011411349105,39.95698177267853,9.999999877457569,88.46153307991362,-0.9615384626147866,-0.9615384626147866,-0.041012377835181635,120,0.0,-0.06881155585834037,True,0.41670566365540407
CRF,ASE,0.02902376898558107,0.032093673601087495,0.10538063650434382,0.021422320704526054,0.08716887163780235,1.027890810784739,3.207720331323898,1940429.07723138,0.9875547212767898,-0.5071217638790586,-0.9817766356963268,0.0400377040985513,0.18103467252253444,0.9909074751414527,61.255557830378024,22.178681336460883,95.4069487942393,0.49908804419543507,-0.2760795841010251,0.12248028862285702,120,0.0,-0.06876136569302466,True,0.41659250310362594
HIND,NCM,0.12948630864080377,0.13683190285018354,0.3241016325447716,-0.21791816668443556,-0.5857516539898965,1.6310663794620406,17.61597985022788,1144991.020968243,24363.107954545452,0.1095443070502584,-0.8370377851066397,0.3668203997905991,5.8826086624808935,1.0084557263816987,26.871018814539582,2.7430871778013284,80.23952299565565,-0.9994093662428167,-0.9994172413595791,-0.3169117396598704,120,0.0,-0.0682908356291661,True,0.41553162909933705
CNTM,OQB,2.6297525301264546,1.3668190190315108,75.62710282093434,1.4143941642045683,-0.3018370025596299,1.3617479450792926,16.51879385155208,5964699.65710639,14.315913370998116,0.19847138333353928,-0.9985184014649373,0.41263430570413256,19.99999871943152,1.3341392552918936,55.090590801701275,1.3940486241440766,97.0587575312188,-0.9766507170148004,-0.9999118165754813,0.08944137581497544,120,0.0,-0.0681152593673538,True,0.4151357685449668
HWK.AX,ASX,0.09343849434850895,0.09576375871653235,0.1724994248833797,-0.0096886253166657,-0.19161738558910268,1.4914203203580765,6.125901271554715,1514222.9041173744,1.6166656454669779,-0.10113886388959213,-0.3976174348969639,0.1262293198375014,0.33333339542150636,1.0204175184035376,43.14947204916079,22.222223372003043,61.111110248775404,-0.35714290465931353,-0.46428574279558815,-0.061952936718561176,43,0.1365015166835187,-0.06808030016010275,True,0.41505694825901307
HUDI,NCM,0.0633822493438419,0.13569405745508084,0.18087787378966,-0.03954529903395653,-0.16337580364233337,0.952805101768478,19.271810452727966,1026333.5551005072,10.293926543900703,0.2885135468327999,-0.853307393893389,0.1544762525070584,2.758064662504647,1.0496261764778863,37.36318143305463,11.287479177796556,65.21739243108989,-0.7081544938117585,-0.7755102035851341,-0.10794172791697895,120,0.0,-0.06791226163872993,True,0.4146780825653278
FORLU,NCM,0.006534772632464102,0.005967327211032041,0.0561772850495988,0.007083984665818763,0.02374182953484062,0.9613080364782775,19.692307692307693,4285.531598757528,1.196496551724138,0.35910635741879754,-0.6371648541156254,0.010376034118278497,0.2019464547060386,1.4431801336746926,82.05602948310855,47.618982742960945,100.0,0.1423039959231116,-0.08880306065390835,0.0801171160694531,120,0.015217391304347827,-0.06769841289116624,True,0.41419593148813694
HMR,NCM,0.15358846915098537,0.15214739756825144,0.7005636387541254,-0.10017047657573436,-0.4651954960092336,0.5273962286809944,1.53203208372061,7466741.317897266,0.025573185382156107,0.19721390034723615,-0.46300981508697875,0.2647797291632737,1.3441109178311552,1.319493280868413,31.31724520843438,11.06719267020236,52.23529479082893,-0.7090069254816936,-0.7436489529184417,-0.04158198962260748,34,0.17263427109974425,-0.06753128474199505,True,0.4138191183523583
CLIK,NCM,0.22604102543229432,0.33111897275608404,0.7406695719153013,0.012606547015849671,-0.38697947896291196,2.306152721243991,15.581963191968619,1414991.3878950074,13.687458088664625,0.07056296143657997,-0.6773092244947468,0.5297753701733989,8.084507188555477,0.9780139821820977,41.13949461786761,15.545362029650903,79.71245999900144,-0.8425000011920929,-0.918831170171578,0.043574235817064204,53,0.11074651353568499,-0.06697936320548153,True,0.4125747362066292
BDCC,PNK,1.3896663468625943,2.4002911541260237,17.453032673037036,0.7847538636979509,1.0400803329785362,1.4455719346494835,19.737490935460478,316138.8922796174,14869.933333333332,0.0223198498543698,-0.9999245345660784,0.882199217042119,8.90196096947541,1.0273461846124516,42.636573654211105,0.23201843292405044,83.21435612372309,-0.9980198019506907,-0.9986138613802371,0.12488072588321375,120,0.0007246376811594203,-0.06664718330662794,True,0.41182579146003584
HMMR,PNK,2.933177237518433,4.699711914565474,23.401382661337383,1.887205025236047,3.3900485279651154,0.9583083236118409,19.05484004985459,67527.11344486727,0.5399007254677358,0.20896751667702762,-0.9972358261606062,4.64224534739816,388.9999671708808,1.0021584455113157,45.97646628484974,10.315787730537238,85.5932208966462,-0.5738636171214343,-0.997727272607009,0.1826002192502095,120,0.0,-0.06655889236447005,True,0.4116267275265193
ALEGF,PNK,0.012585529405487343,0.02746173633095437,0.18033806357786217,0.003585441703864681,0.04278379414631049,0.4404726777136922,20.0,2064.797830360894,,0.24547770404362548,-1.0000000000532066,0.00277127025719929,0.12287582294145194,0.6230959729861437,63.21397894884037,0.0,100.0,-0.1011315294422439,-0.21158073247815246,-0.021488168419407695,120,0.0644927536231884,-0.06611530319261544,True,0.41062659542625446
GIGGU,NGM,0.005487660779458551,0.007275399688720179,0.027765947197236535,0.007774998474575996,0.02825148185159514,0.614401460786841,15.35483870967742,93424.22505830156,0.0014956469528670069,0.21618429997556798,-0.8081687201972648,0.009818959645939972,0.18647004929081948,1.7345225535425022,72.85055448044274,48.37801520228236,99.15723263700997,0.15995978065489802,-0.034365230097070196,0.23855934896039604,59,0.09948415622697127,-0.06563071805119297,True,0.4095340323386081
GLD.NZ,NZE,0.019910984264490273,0.02071169241979904,0.0348572185177695,0.039761578740918305,0.14150742659067472,1.4748263791440588,3.4565207788861487,106623.53299470093,5.42741696796634,0.018574070692798945,-0.36402252804274376,0.03472943617100375,0.07751943468347336,1.025269218214291,70.57298120128733,48.22490909898934,94.25148561893461,0.505262074365509,-0.049232069998130165,0.39226891154582577,51,0.11508951406649616,-0.06559159603274373,True,0.409445826428814
CUYTF,PNK,0.016366040022150013,0.029181978510767113,0.2184505500041651,0.02988441318924539,0.121829935211025,0.9610132665688221,20.0,50.05860515382392,1.0,0.37083914423698666,-1.0000000000004565,0.0019401200229722429,0.08827683710946164,1.0427963666556401,76.08771677781455,0.0,100.0,0.8422613287506342,-0.06711110810633546,0.12621932396975227,120,0.0536231884057971,-0.06532446377648266,True,0.40884354043660665
DYCQU,NGM,0.008378230235347443,0.010134852833863674,0.03352578677317583,0.007318168450958071,0.019064408228989835,0.9005969586027891,19.135802469135804,49023.71320304342,0.0020825644540517743,0.37779490768305524,-1.0000000016954789,0.008181243254694485,0.2540220062157599,1.319573261920227,72.19661304828489,0.0,100.0,0.1352418430485569,-0.038139520689498545,0.1256950068241857,86,0.07280080889787664,-0.06526836743599412,True,0.40871706360987214
MPX.AX,ASX,0.009312552860691103,0.012028249049930313,0.06373642681827005,-0.01151427927363806,-0.038354947303511806,0.6319107167871123,20.0,1420.5505893991271,114.38315217391306,-0.1257104776811777,-1.0000013345633005,0.005678779875234397,0.13513508506549263,1.1985985648685125,37.872696564741574,0.0,100.0,-0.24000000953674316,-0.3148148332113094,-0.11551016198653474,120,0.04673913043478261,-0.06524039951095068,True,0.4086540061202206
BKPKF,PNK,0.08236666692432708,0.13855343728526556,0.5497120945100965,0.1879626603442264,0.8082764879107841,1.2357050296690653,20.0,1666.866403464982,0.49664429530201337,0.47382125638525224,-0.9999999999999991,0.014264154606203687,0.4877251662634035,1.0311856273796103,82.51426901831785,0.0,100.0,18.459896735972325,-0.2376649008761552,0.20417087635523753,120,0.030434782608695653,-0.06447427567558822,True,0.4069266757678577
CRKN,PNK,0.21391677459034955,0.28982776297791396,1.438877509187485,-0.2924942556108448,-0.791974995549288,1.731551579441914,18.271870794078062,283561.8978219558,84.23958045818382,0.10244780651601618,-0.9404703922467607,0.42961144885594743,3.263157894736842,1.0068378498684747,20.62944000532543,1.3150372724303736,63.78312678859349,-0.9999964942041009,-0.9999966751484336,-0.1836416679066496,120,0.0,-0.06371580125123272,True,0.40521659205265714
GDERF,PNK,0.033899624001496334,0.04404115938061314,0.10604033707730964,0.06218031540150888,0.27721251726889806,1.0715561403394374,18.26086956521739,1496.9291736861326,1.8345323741007193,0.34878364875860074,-0.16252214263191,0.0167640516502106,0.19166666666666668,1.018440311208795,76.95196784302466,11.604099562286322,100.0,1.1816947351036382,-0.09916667938232422,0.26477270759459665,76,0.07837528604118993,-0.06357104452668233,True,0.40489021833540273
AAL,NMS,0.048830680561001975,0.05421704095548247,0.09392062617933261,3.732721850676727e-05,0.005190551437009466,1.1061362871548908,2.805416136181275,52927663.41099813,3.2952936217476423,-0.14326850459494367,-0.8353947569198209,0.08468221627779414,0.23888308663051186,1.007272051087797,49.899067965098055,1.3774156792985082,97.61234568595754,-0.35785952537214827,-0.4853100941190462,-0.022875745999261298,120,0.0,-0.06338059926022271,True,0.40446083358840035
CHARU,NGM,0.005381791724823487,0.006029691405280589,0.02740813347569679,0.007562704816261917,0.02490285369751958,1.1820897619176405,19.553072625698324,47598.943479606154,0.006215957756434244,0.393727634985102,-0.8293657595309781,0.00932055538127238,0.18571426754906065,1.2697809703889706,90.98101761169538,40.74068841283577,100.0,0.05421686343221066,-0.029574833997203495,0.11420087211224851,51,0.12531969309462915,-0.06277292524019124,True,0.4030907498882291
ALDFU,NGM,0.016570932146096656,0.01826264549910913,0.03793492938840466,0.006948342171721534,0.04122954480040156,0.9713354242090015,15.952207489436107,213852.561593734,0.038784433467648864,0.2224464688628473,-0.1396040332101261,0.02091704058373019,0.14143427108458512,0.9587497670014519,62.29151763860559,42.69955283776746,88.135567193612,0.056056099344036214,-0.04554134950849061,0.06525274233935233,51,0.11508951406649616,-0.062445356320641465,True,0.40235220122140514
AARD,NMS,0.1544817260739656,0.17320197205310897,0.3243624744399969,0.06954538980810412,0.2048829176245637,1.4812367146063319,4.739018288810255,326037.5951636109,0.9721603705164582,0.2891834433246262,-0.11822145127920752,0.2449373802809777,0.5094614349786367,1.0278109218873477,52.29036010483697,39.88130517445053,68.78048646598972,0.22255639065396315,-0.4905385650213633,0.10779189935787384,35,0.16770186335403728,-0.06239911862076625,True,0.4022479520403571
IDPUF,PNK,0.03402999720938434,0.05248701951664205,0.30048996949513757,-0.05870500816605174,-0.19752353020783833,1.1694702270592152,20.0,316.6536755565401,inf,-0.6801499224617986,-1.0000000000233953,0.04865589664092885,2.3360000610351563,1.5626945938763932,33.37692826877385,0.0,100.0,-0.8677696489013407,-0.8716865788844883,-0.15086014937566183,120,0.04601449275362319,-0.06203477319598688,True,0.40142648574219886
VDIF.AX,ASX,0.0076942355635576986,0.007792948360440353,0.019582036343978437,0.015621746954070896,0.075516045158467,1.0462704819037667,1.8921896454244407,6371.509034264405,0.8953243194203733,0.0027550548442563006,-0.8162061206208897,0.013893706616652542,0.034742567807084034,1.0535056381038592,77.82186581675812,59.68935066855974,90.0946186749083,0.08979179768695822,-0.03885894462451371,0.31201750127707245,32,0.18342391304347827,-0.061961297906276414,True,0.40126082571152577
HLSCF,PNK,0.10005645875329097,0.17650893442592097,1.4141639430076993,0.2035862336022212,0.8624107716288266,2.0157666425109726,20.0,6610.7402559580105,inf,0.11560165473777483,-0.7418030842019727,0.05726083798086613,0.7580523278844912,1.1962050406733262,76.53820876231026,18.96551192586331,100.0,16.974999948777256,-0.33088234069541267,0.13840049890341408,120,0.07210144927536231,-0.06128208330478552,True,0.39972944404348476
GAINI,NMS,0.005547524467686376,0.006752621916868542,0.012157434477365309,0.008358096029634055,0.03500111415595973,0.5002720382999469,1.1403097137494134,57297.393946592514,0.11486271036315324,-0.22903496502275691,-0.8587252996153021,0.00895775061484206,0.0252201430068641,0.9805467152502183,67.73279557534244,47.25879341821616,82.70718060230271,0.06760448436824262,-0.01923836402022666,0.26313741214747727,43,0.1365015166835187,-0.061267960828682855,True,0.3996976030009579
CURR,NGM,0.20120921709794246,0.2620539714642273,0.4972867623289194,0.1306590114390001,-0.12007001572650329,0.8710539988537602,13.014043381229317,30647782.504627224,7.236140068718473,0.4961549205270906,-0.7351072343146321,0.3848415797812723,1.9965035413913426,0.9635573013640233,45.44824896702416,9.115402178588553,67.72849179630035,-0.46894409225051514,-0.868012419830828,0.05523086129557841,58,0.10119940029985007,-0.06096191308717952,True,0.3990075767561527
HGYN,PNK,0.9120349138827709,1.0114586563189065,10.215024729663456,2.7456017206217993,6.323550627627194,1.019660017588049,6.1938502615088025,63585.52889218138,1.0435850066749848,-0.09550596510438501,-0.6907240000418559,4.80628798664262,433.99999847204884,0.9997319097074246,48.75451562644609,1.5452539196874966,98.50299397421223,-0.07407408429434903,-0.9985714286135994,0.14665273621282904,120,0.0,-0.06067890575516971,True,0.39836949824722545
ABVE,NGM,0.38880491983839627,0.5064316225376893,1.8604497960056268,0.16238868053534236,0.9454258305937021,1.5198176519276856,18.545648812725737,45959403.867873,9.458584828469448,0.3832633689794662,-0.838048595146002,0.41456354104828025,1.977777798381853,1.0034029938795328,47.37997877761701,5.635209059874697,85.76078139021747,0.17080743708988955,-0.8944099377157383,0.13389076250443974,67,0.08760545100584036,-0.06001525002010272,True,0.3968731961589884
BACQU,NGM,0.005759792941941714,0.00808981947530457,0.018836516460429293,0.008221248316959357,0.039033821337226667,0.5505000364463084,10.721557616161277,100063.85700544038,0.0005820602324635648,0.12894216887628765,-0.6533689281992031,0.009878943479729316,0.09309312577408477,0.9313068776246252,74.16276142538902,54.545463302796485,93.29001201382209,0.07661495940174379,-0.018095198131742932,0.2158739742428752,50,0.11739130434782609,-0.05977193358875771,True,0.3963246061821578
BKHAU,NGM,0.011599642826385204,0.015971358506451285,0.03801038235779306,0.003960951377899028,0.010449156695061364,0.368010196589264,16.13946193750754,46943.574279289656,2.98098463026406e-05,0.2525814169315334,-1.0000000000004794,0.01066033283493362,0.16442047662979553,0.941268717681335,59.26516170951795,0.0,100.0,0.06108382882118524,-0.06199465651059225,0.05396580811936338,82,0.07635206786850478,-0.05893759967377349,True,0.3944434869311477
INTC,NMS,0.06840907749918751,0.07015503437499311,0.15868830561837385,0.010619093166000544,-0.00042374759254548147,1.0819162519820276,2.618152436299487,110218115.70024793,3.550220696081365,0.06042770476974453,-0.8716479102904555,0.09915278484271532,0.5144320052397034,1.0162997824138613,48.746515428559604,15.562629221063673,88.10460027090403,0.15334184089615088,-0.6190449667569248,0.04321800786210236,120,0.0,-0.058070613172660546,True,0.39248874798512234
GWAV,NCM,0.20753517699147925,0.2555941601230549,1.3262458012969875,-0.15222276257094125,-0.4739654495366111,1.9477645804842705,15.940067801238214,207286.06492598998,15371.825095057035,0.1015866799204616,-0.7767924295270694,0.35020209307214084,3.9508196721311477,1.015806786584066,35.898965292793555,1.8110541058582612,77.38692775524463,-0.9994273882007549,-0.9996311934467158,-0.07750935632780416,120,0.0,-0.05801918555765434,True,0.39237279743476794
BSFC,OQB,0.14350451435516554,0.15577765646013284,0.4625892742127647,-0.25526415133597596,-0.6920059854503442,1.5614844283555753,12.666977212437446,4297774.761236574,14.744435547449914,0.092409599944086,-0.7868505017506028,0.39262590325005864,2.5399998196959523,1.0220358704458585,24.557907386758583,4.509284141704839,57.31707156404803,-0.9997894736823806,-0.9997966101677236,-0.3301903976622908,120,0.0,-0.0578346245798646,True,0.3919566796166255
INTEU,PNK,0.005958604462032793,0.010482183993750031,0.05464235013292644,-0.000194093405740219,0.001527816916513113,0.716216926256458,20.0,471.60131661965534,0.0036900369003690036,0.3905303999372383,-1.0000000001410119,0.002849818388904757,0.06283186072236693,0.9281790220098312,62.84591142825105,0.0,100.0,-0.01409779768463304,-0.12049251533406825,-0.002553064232600928,120,0.041304347826086954,-0.05728451136181195,True,0.39071637457073316
MMKT.AX,ASX,0.0027948322531813207,0.002638069588940117,0.0038300222271305945,0.004169793407330931,0.01695166450754038,1.149917961993934,5.2007344941322176,158442.12787284236,2.135620651212855,-0.06600907138545878,-0.6307299817063525,0.001279498381684479,0.0043973098415683335,0.9733235165391934,69.18920125766319,59.11076180317745,74.8236958394319,0.08621278839462065,-0.003781053404590497,0.3291563971588913,100,0.058695652173913045,-0.05728298638885171,True,0.39071293631185233
DGLY,NCM,0.1347790463386579,0.1562304984814509,0.4173993557999606,-0.18943884939145675,-0.4657850069339547,1.6986550665675137,19.62252430022656,527837.0261310467,11108.626072041166,0.1776159402206262,-0.7446504504786312,0.3618757191508151,14.0,1.0012721799513498,32.02366633399952,0.20504914514886252,75.3731343283582,-0.9997691358018804,-0.9997999999966732,-0.24546378805081662,120,0.0,-0.057139921708873775,True,0.3903903775391442
ATMCU,NCM,0.00789925302596953,0.007261799047812798,0.059806554072172675,0.00620066669276641,0.02478221993110053,1.0013216883076532,19.90306946688207,9366.019144427446,23.86764705882353,0.3422241181970531,-0.9867525259520361,0.015458033649038059,0.24367916401260578,1.250295453461811,74.48215557189255,0.0,100.0,0.1579943353368014,-0.09000000586876503,0.09060411651629521,120,0.002536231884057971,-0.05693261711319869,True,0.38992298114215773
BILL.AX,ASX,0.002660047962951909,0.0024708917447659063,0.0035476016009790097,0.004122644979681972,0.016520048801794005,1.016910893779086,5.038250562397349,88289.2824540601,0.8770306913996627,-0.069043618420121,-0.5904664076380042,0.0013414548004738083,0.004482487807332267,1.0224641869143662,69.77617475336707,61.74353435846891,75.35602489390396,0.09937558575729644,-0.0033753573403286987,0.3284456370896102,120,0.0,-0.056926546740164674,True,0.38990929466079816
EHLD,NCM,0.0703699867856978,0.07410489726644091,0.3043015174473227,0.03993453634652339,0.2721818464571056,0.28471065706525905,0.7971380798693471,267329.8306303584,0.08297775450260707,0.29131931500700126,-0.7625264875244255,0.31155512058229085,2.3054546009410513,1.612921063012504,60.87880142815237,15.20794354466068,89.50558343722919,-0.585219783958089,-0.755428539557315,-0.09295993691067349,32,0.18342391304347827,-0.05687519023448845,True,0.3897935044360965
IVF,NCM,0.16315687657649428,0.1852565775075454,0.6891280435690726,-0.12710114137702336,-0.44571395098924477,1.5101153377416712,19.6759481653374,2704169.0553993233,55.66816994752546,0.2813038082616883,-0.8800693726091292,0.3230099631598437,2.4699998961554632,0.9661195589901861,34.3672793626943,4.319793040585935,61.17647207930614,-0.9948625001642439,-0.995522876108961,-0.11848370423667418,120,0.0,-0.056823072892872195,True,0.3896759988033216
EEGI,PNK,0.4081902158927161,0.47094409673074733,1.52479506819769,0.09107143406407617,0.3102579627849102,1.105575747107739,8.685372737439911,31177489.39769435,1.4172315394746724,0.09581754004184795,-0.6671971539403033,0.5448809676000368,2.0000002182787338,1.0107583104451716,47.31095459620485,0.0,100.0,-0.5714285357912268,-0.8571428556579678,0.15892244259969843,120,0.002898550724637681,-0.056740461685204024,True,0.38948974060345365
CLM,ASE,0.026411001406674385,0.02926419031147241,0.0954171860532014,0.020784060931345365,0.08504888594376596,1.0232440203396307,2.965665927836686,3509285.9720476274,1.0021111717937885,-0.4825986043284523,-0.9739046093473457,0.037885491392896084,0.1676301039369696,0.9893733386078672,60.96775970675715,19.45143127169139,90.17547790475945,0.4926286943878071,-0.24159749571941389,0.13043969969566815,120,0.0,-0.056677640684844544,True,0.389348102116726
ENBOF,PNK,0.005690952231177206,0.007366424998109538,0.05144341268062831,0.01152106113525912,0.03678866476500824,1.3333333333333333,20.0,10.993577708138519,0.4,0.10123797173763925,-0.9999999999999993,0.0012283420641903142,0.09913585740417617,0.9081632653061226,96.17728606061858,42.73068528609703,100.0,0.23048061541867626,-0.02079992312417657,0.18019691197776969,98,0.12111801242236025,-0.05651229455169832,True,0.38897530677836634
FUBO,NYQ,0.14107147731648026,0.18795575144051196,1.1804008674083384,0.08489979263924252,0.2918056427341149,1.0066801434846366,11.59258405390052,59525595.280261636,0.814048967170424,0.2380161466828833,-0.8002031384151413,0.17717337224035667,0.6653619898460749,0.9814002829570199,49.96978804148356,9.251107359665738,86.7617097262246,0.7692308662205793,-0.6577380916479627,0.08487192577324842,120,0.0,-0.056427159222196155,True,0.38878335760263294
FAXRF,PNK,0.010973292864042557,0.01520162123802658,0.09135722996791792,0.016039254148711754,0.06199331148954366,1.203930782826691,20.0,1483.2791685261966,,0.3969139811914139,-0.8035825030263765,0.002865935779350251,0.07629494776184192,0.9972480959265593,89.00360702288604,44.4998059240573,100.0,0.42738766278310103,-0.1449998997498201,0.16058733284517657,120,0.02210144927536232,-0.056306647306721136,True,0.3885116471038689
N1H.AX,ASX,0.026332949969610678,0.03391163749505426,0.07565237689270339,-0.02082551264485928,-0.06545296218865707,0.9928792722644243,19.674828739558926,13929.935868585098,0.5580170623702184,-0.46883110885726087,-1.0000000000090548,0.015563775364031045,0.17857147038591148,0.9923253204065222,27.642596763886893,0.0,71.42857766909286,-0.3964436882150377,-0.4599759008862387,-0.11631045438992019,120,0.011956521739130435,-0.05624394433837304,True,0.388370274736359
DHHF.AX,ASX,0.013106643144602787,0.01388794121304328,0.02933798518151016,0.016012674701460648,0.06318056500173994,1.1222814743585223,3.400741532794579,47877.05135881334,2.575250499994975,-0.3438605099982357,-0.833869077927279,0.02056319749543391,0.10692197309396881,0.9978853055983412,66.67624645721577,31.518706128950726,95.86162838009986,0.4405921612993011,-0.09717055209913521,0.23443020860934397,120,0.0,-0.055444268652613926,True,0.38656729717542093
DRUG,NCM,0.8922022568669115,1.6826522992113964,19.120009431493052,1.5565387833727817,5.774853404845957,1.068727131683039,19.198198455982922,5462115.735116075,0.10254524239058076,0.127409802979678,-0.6487766166220179,0.2111383799834795,1.7341773552638198,0.9918643197837119,49.636955935764014,13.81578998965233,99.20700308704434,21.20701860819427,-0.7562025347093687,0.09114661361715144,120,0.0,-0.055314591026110194,True,0.38627492133493246
GEG,NMS,0.035147845047758045,0.03495251935945239,0.09524553349690242,0.012318475592338889,0.019202948620297554,1.0439966489339345,18.91278592407686,379237.6887890967,27.826207233626587,0.2992252437239493,-0.41859716639542977,0.06732845626300613,0.4363636537031694,1.0336969132743599,51.739901984655425,18.333351214722512,78.46153987229934,0.18048786955316753,-0.21818182212262105,0.05321880890316757,120,0.0,-0.05530487231061171,True,0.3862530091694423
ENDV,PNK,0.2879900626177984,0.28064254800336597,0.6708203932499369,-0.10881651559458391,-0.4324175997703435,1.4305952994494955,12.08053478395331,35781548.34951037,226.84479403850133,-0.11099097549864097,-0.9193240205997457,0.5659468909624257,2.0000002182787338,1.01590253798889,37.929450021613064,7.692304133259128,59.23567124572882,-0.9931034482516378,-0.9935064936353475,0.022025747203031774,120,0.0,-0.0551336163710639,True,0.38586688936902713
VRL.AX,ASX,0.14406945219078984,0.1571227239245259,0.20558901865797616,0.06338123270214077,0.42855667276341713,1.847014955900469,10.270498513235601,7532394.846483447,16.04146952770145,0.3224847467213524,-0.4052403029487636,0.19678361509768197,0.5000000423328446,0.9376394597599673,53.00730122142666,30.769230218152288,69.44444329466344,0.0,-0.4782608660441491,0.06792818223380875,44,0.13339920948616601,-0.054933909369231426,True,0.3854166227803608
CPRHF,PNK,0.008919254685105205,0.014581939092791969,0.08681596844502598,0.023381170523065254,0.09550933141781222,1.5594165594165597,20.0,27.21312611955459,0.0,0.3646212469165928,-0.7838530811551594,0.002649589945995393,0.1573066190772123,1.0,95.84305463982038,45.9726115260483,100.0,0.6600140586245453,-0.027044905440568836,0.2089439655475793,120,0.06376811594202898,-0.05486997096237162,True,0.38527246494875067
JBHIF,PNK,0.025228073267686783,0.038246916516207444,0.13778855553038513,0.04676920783451591,0.18052493659719418,1.1811997666854264,20.0,396.3990423391497,2.6789297658862874,0.43357592770610603,-1.0,0.009956046647929215,0.23622444238031262,1.0794479757004292,78.17832653882364,0.0,100.0,1.6925147484385454,-0.09283330610558914,0.2089647679449341,120,0.02644927536231884,-0.054370071403882,True,0.3841453734256115
RG8.AX,ASX,0.02792726755773547,0.029807257821311387,0.06972507468504664,0.015241121299170173,0.031935556814755045,0.958695859150685,3.063493566368212,561331.5703012884,1.7570000570072926,0.3750926149971305,-0.08975179097618441,0.04142259168952862,0.15294116657085519,0.9946899567265532,55.264750965929515,25.61593720753592,91.2886481650714,0.36842870622197554,-0.3020468341516221,0.0934614514251346,120,0.0,-0.05413601119942041,True,0.3836176528708065
DJTWW,NGM,0.09100065506273555,0.11071091431559683,0.2926691267505869,0.05545868006108192,0.059448334113278815,0.9844058244860525,20.0,1041771.3512418984,0.003982752084806508,0.24743447366529206,-1.0000000000158837,0.20547714250115204,1.8621975106330513,1.1551352084931128,43.73595619984095,0.0,72.03875375721186,-0.7354197117244374,-0.7492103988298324,-0.009667643521540271,81,0.10359634997316157,-0.053868610453082166,True,0.38301476153121516
ASFT,PNK,0.03202051635216293,0.05233419821365997,0.2716501192635426,-0.024905392945888373,-0.11681448249757406,1.0188669965003387,20.0,349.94153440605845,0.15309090909090908,-0.6108860278229946,-1.0000000000097498,0.012326189212118947,0.5,0.7734175976592531,24.504941765373246,0.0,100.0,-0.2999999744551518,-0.5099999904632568,-0.045200691385085055,120,0.05036231884057971,-0.053487257823833956,True,0.3821549501782082
HOOD,NMS,0.08528586519356549,0.08988378327487623,0.18853460262162197,0.13627004691860425,0.560963007662679,1.1577625283663262,3.546426629559741,41572892.65397344,4.2130325179399755,0.3360783315652691,-0.6470676283221892,0.1279582169072259,0.34798607519364483,1.0077359861854611,64.23012506840743,18.046357406764145,92.70752565721901,14.353003209933167,-0.47135418249306366,0.2848035349969629,120,0.0,-0.05343410606924143,True,0.38203511232073495
F,NYQ,0.04034833780030297,0.04502456736075591,0.11564148575183314,0.007821858345320518,0.021931630096053943,1.0136909748683733,2.3564591387988485,92009342.85365896,1.142146793570872,-0.15180556931587305,-0.903674901660147,0.06249763194839065,0.2797140511004115,0.9832401795019425,51.85281162115408,13.409931155557075,81.59204317989648,0.016657228929666923,-0.3345394485322229,0.02044166365698242,120,0.0,-0.053430780921631504,True,0.38202761532334684
HOND,NGM,0.017592619009988552,0.020201773188031756,0.07443750411615181,0.051372839036354985,0.13333032710309767,2.0451558436042925,16.32436049081807,1605315.4165885297,9.189270592561464,0.5361754566370014,-0.25172425585437574,0.04384149434127997,0.2827323968826855,1.2200439718024931,77.69951226120578,47.463779383359764,96.10381407100526,0.8935743512166099,-0.0799999642879405,0.35388481179540554,53,0.11074651353568499,-0.05319431067131525,True,0.3814944609924822
CRSLF,PNK,0.030216750425911494,0.04192033120096663,0.3182424672634646,0.033741079589126845,0.11922696994073106,1.5259505709802381,20.0,389.4688747807565,inf,0.5805547261640998,-0.2827894047887511,0.014658465508000125,0.4157553367244387,1.0971798306264975,83.944304807142,16.442599745277022,100.0,0.7234797609478052,-0.2731342561777265,0.08974218996516128,120,0.06811594202898551,-0.05272720458177255,True,0.3804413068038268
GXLD.AX,ASX,0.016831900955594704,0.01798612517343936,0.03040138074715389,0.03671985642511129,0.15004609971279972,1.559944885458391,16.594231987225804,81409.45636374758,115.86935638808839,-0.0564614695938953,-0.7585266948686138,0.026059940015510697,0.06737679694499153,0.9969912885065823,71.95300898287778,43.29217541080216,94.61756669866594,0.824900409076941,-0.05087168158000446,0.4340628636630953,77,0.07622811970638058,-0.05263158380685501,True,0.38022571676575767
BNKD,PCX,0.11024852317048407,0.10832627135343051,0.25901857340123047,-0.10474940169626967,-0.5105877323848994,1.0172419270200463,5.3518123667377395,8154.7395459658865,0.7218234610917538,0.0629562204536225,-0.42038173995858175,0.11656632600900155,0.48936322410985106,1.0075649192407392,30.378443282038255,11.189116787566874,47.75899941918504,-0.4317160143710286,-0.7447244753546179,-0.0753897636259314,34,0.17263427109974425,-0.0522975625239524,True,0.3794726203684632
GNLN,NCM,0.20673555449771897,0.2609842619661178,1.5680550725886107,-0.15941858386827126,-0.5323494938175573,1.812202663489288,19.509068978446777,976262.5019868041,9947.944839857651,0.12591148467182492,-0.9510746103785013,0.4955637387947157,22.75,0.9990667780910215,29.952734725530807,1.6509433962264097,68.95863280626098,-0.9995154019677487,-0.9996303630454598,-0.06150526879204951,120,0.0,-0.05225736983582102,True,0.37938200048829784
PHL.NZ,NZE,0.04301978705693784,0.0465850386155807,0.2542666247675768,0.003918460387808867,-0.012576970933336118,1.2843900318704558,19.99333555481506,30186.676722302855,51.594032023289664,0.09347154559155545,-0.29611238972035175,0.0377697903009151,0.6666666004392862,1.049606644262021,47.656170925739424,0.0,84.28571781333679,-0.13999998569488525,-0.4599999785423279,0.020688361336901044,120,0.0463768115942029,-0.05167959455265453,True,0.3780793275555513
QPON.AX,ASX,0.002972345936900574,0.002836634246792096,0.005052593837641994,0.005310560216895854,0.021020489679897395,1.032623154875553,4.561468083617255,398629.70587801485,1.485224894607011,0.03353084474993693,-0.6770482130010333,0.0028900632396443564,0.039412692845445116,0.9897496110815487,71.83135972954058,60.65172049117722,85.10999270190604,0.1334893876458516,-0.0057406246278183,0.3743084705195351,120,0.0,-0.05135900470343019,True,0.3773565141516808
FLOT.AX,ASX,0.002926472941319073,0.0027525678279131456,0.004386010021739352,0.004764915795385919,0.018929504779155063,0.9854188157209169,6.125049764694336,228113.8744753162,1.5160496403779258,-0.055207883985864854,-0.5585322117009058,0.0028976881899832234,0.020959309510566307,0.9793572736682183,70.33093554461749,58.575009823422086,79.27273815282273,0.12028238226132326,-0.004800243424589725,0.3499683872366792,120,0.0,-0.0509103902915467,True,0.3763450519645174
MQYM.AX,ASX,0.005458603524970352,0.00552038152251688,0.010253620290019071,0.00860937615525612,0.04742101718480248,1.687645722772351,6.560420976397123,15248.951525215602,1.9019258499695582,0.1864924549993585,-0.24309781236559103,0.004514080121404423,0.01391162623397219,0.9224476148257051,73.69617454827866,49.94292648435406,90.89948162520633,0.047229161654267715,-0.029972735426719282,0.2468533860486938,34,0.17263427109974425,-0.05060721051653089,True,0.37566149194009957
BTQQF,PNK,0.22827353518736823,0.3201664779849726,1.6339362438446667,0.5166320284893575,1.5917951914798458,1.525906809964076,18.503713091339296,2110733.597547786,282.7749696074672,0.3773212031890814,-0.48579824438728253,0.26681430588968597,1.0779316195365014,1.0210529096413778,51.519992726056394,22.785342817782947,97.05087414665216,19.229000091552734,-0.6968653951165781,0.1553573840454508,120,0.017028985507246377,-0.05006080726294598,True,0.37442955151352286
CRCE,OQB,0.08150903773175464,0.12082402189447733,1.363914469346938,0.08943057889769611,0.12919880925159072,1.6647440932495623,20.0,389.05551232000107,inf,-0.29858887074957496,-1.0000000000000049,0.06884283645938089,1.509900933071139,1.100011130248293,28.183600974136205,0.0,100.0,0.10666664441426588,-0.896039612608065,0.07687656079278155,120,0.08586956521739131,-0.04989163832992799,True,0.3740481371530877
GRNL,PNK,0.3617759411556682,0.4743783619262494,1.184915747462444,0.08807729290267366,-0.3697241610841598,1.9304898777314081,14.547844072276005,814440.2684518548,4.077480983548559,0.05387231137447207,-0.7807053627648796,0.5123511565182173,1.9230769120553544,0.9411320308675678,33.07441817607088,4.873645798521153,76.56249872670747,-0.9823943654027599,-0.9964664310791264,0.029801404536995358,61,0.0962223806129722,-0.04985350536026262,True,0.3739621611882523
GWLPF,PNK,0.01278612982360055,0.020982020102181056,0.11513745680805093,0.005372592805570612,0.023006734391882003,1.377834830979889,20.0,125.15918896925474,inf,0.3090342454133139,-0.9975576731907592,0.005808525549394039,0.3375941381925205,1.341712414473716,86.85934560699701,5.873001069502735,100.0,0.0036230202949480983,-0.282185247245345,0.01724699668887254,120,0.05253623188405797,-0.04966937552649259,True,0.37354701544292246
IBIT,NGM,0.05718035880719131,0.06078956431629713,0.12176453137757463,0.06960443812111894,0.22883458255845315,1.0503249506044043,2.41361423005823,63235288.36916754,1.5339482766555586,0.14024610183569225,-0.506355509133399,0.0855120451602951,0.21025230854500612,1.003705196320069,59.77687566206416,29.08446267644429,88.279503843052,1.6511813683886247,-0.24857922090065687,0.19856903468913426,92,0.06379962192816635,-0.049607635372977466,True,0.373407813872362
GNTOF,PNK,0.03195996156543091,0.06932054954764372,0.28459047261732945,-0.02979797995191741,-0.158964647465241,0.8958714449942521,20.0,1088.5441423845064,1.0207317073170732,-0.4669005522817442,-0.9999999999999982,0.011875000271635757,1.0,0.5834186321230396,25.925925925925927,0.0,100.0,-0.5,-0.6666666666666666,-0.03879181950483505,120,0.06956521739130435,-0.04934613222110612,True,0.37281821946135896
BLNC,PNK,0.38118184372150465,0.3189237936450188,7.929498496835444,0.5814570758091742,0.7058518453932794,1.0937808546608931,20.0,1895.6390632645207,inf,0.25887204433657657,-0.999999999999995,0.048190001454193866,2.0688571654278407,1.4052934313200687,53.70106860650572,0.0,100.0,5.595744494670869,-0.6249999906867744,0.09001725205619476,120,0.03188405797101449,-0.049246468183044845,True,0.37259351333679247
GALDY,PNK,0.049369463951778526,0.055768089929725,0.11061964224884585,0.07573136632038525,0.31429205081951,1.6771294273681754,8.67125142999908,37629.01365919753,39.338141493308875,-0.16072679469251278,-0.6429552566146285,0.0578095718905401,0.2203207895076654,0.9329123672781777,68.80399111187536,39.65246615105731,92.61729456576404,1.215985420826991,-0.300463844177924,0.26653554925871775,63,0.09316770186335403,-0.04883719443543838,True,0.3716707500261698
ASCIX,NAS,0.0038280753002313483,0.0038694352429617124,0.007329999334270127,0.009883612739018784,0.03859681412102968,,,0.0,,,,0.002818904101000576,0.011542013008364308,1.000401646069518,78.75017719473996,49.07951610768012,100.0,0.2678815863950619,-0.010772819610363386,0.5031018812736926,120,0.08695652173913043,-0.04877475255756275,True,0.37152996632262913
ETHA,NGM,0.08644146622632072,0.0953480219556251,0.15203215174862938,0.06899224095237186,0.26700966449880886,1.5782625118928766,3.5065580086722083,32114981.949775677,16.071186707087715,-0.12055475308822994,-0.7931476812889172,0.12255287720155712,0.2737556600138175,0.9941237212736165,56.34806181852281,15.197842397599004,90.54054201416216,0.21431442476261497,-0.6148846212161879,0.0790380385530257,64,0.09171195652173914,-0.04871687936032271,True,0.3713994833307591
CYN,NCM,0.23899724413197607,0.289093490506392,1.45245593210978,-0.1371248311185687,-0.48959190125736984,1.8241219027482947,17.102468427095292,6221547.483925476,17429.82995951417,0.17288641809537583,-0.8286261650320248,0.42374490954756283,5.9893391274076375,0.9979367759207438,33.0813263597591,2.1037868162692916,84.1952351970878,-0.9997255208343268,-0.9997973958278695,-0.05285373256936973,120,0.0,-0.04842067051053983,True,0.37073164020507643
RDN.AX,ASX,0.1885812542467969,0.20589128329945763,0.4319114442146042,0.10202947815099365,0.8184920494977942,1.131265430083257,8.134614340518626,64711239.10856448,0.1380966058249371,0.18828061599608006,-0.6868764270419395,0.2562587039190801,0.7499999708961709,0.990945093722018,48.22340028846307,5.128201576810426,92.3076923076923,-0.4444444329466344,-0.9411764709910565,0.06411193958114986,120,0.0,-0.048301185514634304,True,0.37046224503610625
HBUV,PNK,0.46426654104416515,0.9128935324859377,9.16787863833245,0.9159300591086282,3.4099776396679156,1.8411947872217738,20.0,20.270218852694555,0.545,0.36991716674302644,-1.0000000000000362,0.1462421674032464,15.50000052774947,1.0019763935476467,72.78043601222242,0.0,100.0,5.190476156686708,-0.939393941332413,0.10201940862845255,120,0.0927536231884058,-0.048210716437499135,True,0.37025827020113466
HCTI,NCM,0.26696652524332787,0.2733637183444046,1.3442965888861687,-0.016499925063904484,-0.2585260412115513,1.8411484954970727,17.629892343996538,1686863.9783867763,366.24043082712694,0.40270011961782193,-0.830753275427865,0.9122638198555253,61.62500048623267,1.00063336743468,37.59177506789781,7.922533381480065,68.40148643233378,-0.995208300923386,-0.9987068965716485,0.04372655069537523,120,0.0,-0.048046325566517833,True,0.3698876286312075
CLRCF,PNK,0.0032259533862136805,0.006751794624566211,0.01735541705981527,0.00550503189695,0.024120558156616,0.901448196766588,16.08884350268062,43568.07610406952,0.0,0.3049425023323151,-0.9660332067949795,0.010596182056238013,0.09645135957167092,0.9564359805983589,80.32635165884709,23.899375973167565,100.0,0.13295880484252232,-0.019834770018687286,0.23424786027399935,120,0.007246376811594203,-0.047770721575450426,True,0.3692662419610253
AVGO,NMS,0.06517386447503642,0.07017337499360664,0.1653099185509014,0.07226228251016803,0.3048747613477295,0.9845843423061891,3.268113801301962,57704413.91660873,1.043628654607958,0.14733486566751466,-0.7748318393769569,0.08822742637976412,0.2705836818013322,0.9974551206665393,64.51835620677902,20.481521744146164,99.3399016927994,3.263272252877492,-0.40035698285058,0.19910271536406196,120,0.0,-0.04770780192095475,True,0.3691243810451341
BRQL,OQB,0.07340667925466865,0.09973556170417973,0.6679674558020752,0.039829265527203166,0.14737894555923875,1.8887602115752231,20.0,3162.1805513412555,175.17714285714285,0.45495265965350334,-1.0,0.09667806765115458,1.2211368460404246,1.1336977325014486,70.3853963539047,0.0,100.0,0.21818182212262105,-0.6333333253860474,0.06894202706242535,104,0.10409698996655518,-0.0472518725367464,True,0.36809642625828864
AHR,NYQ,0.03363470573776202,0.037283520494090526,0.07057140289690195,0.07805723675430189,0.39843399267427637,1.0900620230340794,3.841272883163492,3866868.59028983,1.3070632547938625,-0.09201218582792027,-0.6070663236656917,0.061101839868608614,0.1383481919569286,0.9819903661751288,73.87767243852205,47.436686515238776,93.49670596210932,2.3298049973094734,-0.08868353409571271,0.39701915505224195,88,0.06669960474308301,-0.04720871789394826,True,0.3679991282486068
AAPL,NMS,0.026308977492945966,0.028452548719667282,0.07008041367252686,0.007871700157292237,0.020075147599208625,0.9943437480232137,2.4082539358399115,69846195.55897558,1.1557193618788362,0.0117304107247535,-0.6862027832369674,0.053999554451592484,0.2032062734211633,0.9819961669296501,55.29061871293038,8.828197862820062,95.14668346566162,0.09133688167988319,-0.2621498027630783,0.03923830445189162,120,0.0,-0.04701356397982753,True,0.3675591272152443
TRA.AX,ASX,0.014593532633211231,0.01799870054402813,0.06078628185956057,0.030918165557461033,0.11406050884131501,0.865626545126087,15.443162949333571,1530.970017311783,0.7286821705426356,0.38867319993677457,-0.7926415853467484,0.007047270464310026,0.11965808900455063,1.032907311392899,79.68589712316752,16.488698074430758,100.0,1.0404712579390685,-0.050391323459419,0.29081843981125655,120,0.0,-0.04694573556566256,True,0.3674061988332623
PCI.AX,ASX,0.013700681879918677,0.014797723492195524,0.035463519197942925,0.016124505373871497,0.06055508687270604,1.0363017530730836,2.66861646991258,986614.291142458,1.653123003694164,-0.30342625999962775,-0.8431974982798986,0.030796961974233664,0.07929518425975231,1.006131642077494,65.17203053815587,47.37318822769918,95.41404137841684,0.42129932967088357,-0.05676870180715881,0.2151294428336754,120,0.0,-0.04661885938425686,True,0.3666692120387718
GORV,NCM,0.11058668161125758,0.11774587134371857,0.37759142692813513,-0.16046536659419447,-0.47995953833549326,1.3412102690556003,18.36248901454783,697271.4601158742,1111.4284768211921,0.03391047924315116,-0.8093489184133354,0.2717728055167092,2.2333333484710214,1.0676699542918624,30.310931435561898,4.878047015474749,61.52738022507379,-0.9928489039608791,-0.9945904177264357,-0.22714960970017503,120,0.0,-0.04648988168999685,True,0.36637841429069273
FVN,NCM,0.002252411324440964,0.0021539196134862395,0.00414583629143328,0.005201122063731293,0.023357388815378518,0.6446130818696311,4.933295486801022,93420.79289428439,0.07276976057723844,0.12367132598208617,-0.6922762281214097,0.0026002002472267746,0.011964096585627167,0.9556674001326507,81.02329631939412,59.17432597369077,96.15376150827129,0.04914741805359957,-0.005630309642458137,0.4379959312722332,49,0.11978704525288376,-0.04645369723206055,True,0.36629683151047865
ATROB,PNK,0.07363735088033557,0.07569709549030448,0.18392659336105105,0.051332365198463195,0.20120470141790187,0.9693633783342228,7.109375,2855.3740852253104,0.8501764705882353,0.43578165935492746,-0.14806807361345414,0.07066325301422406,0.3155022608467268,1.0093594362580036,56.534680372036334,13.183590912375934,90.69766597859658,1.2695213285293132,-0.3555758262206574,0.12188956816674328,120,0.0,-0.046361369448123135,True,0.3660886659683035
GTLL,PNK,0.3310333316149775,0.35291190057275323,1.0448286451271986,0.04840926016782891,0.18570084916728344,0.9128976925089742,7.112996150872622,78088919.05096605,0.6134113056345566,-0.16139089144909685,-0.7461932047460079,0.6935240294376838,2.0000002182787338,1.0217930807412419,49.945279392148706,22.222225096674435,74.99999954525269,-0.5,-0.7142857113159355,0.12126895271172984,120,0.0,-0.04619457316373027,True,0.3657126010667894
FKST,PNK,0.08720118174698811,0.20624100703178522,0.7995162269269683,0.007556805615003753,0.17919828536474475,1.1223051362271872,20.0,90.04923935178076,6.6356589147286815,-0.6094986065416211,-0.9999999999999749,0.058503825541553756,1.4062499941792337,1.2708097543769314,17.704645656396046,0.0,99.39460444285054,-0.7509727617434837,-0.7933073908555432,0.023782222566822577,120,0.014492753623188406,-0.04613311248103674,True,0.36557402960119434
CCL.AX,ASX,0.03999253421023259,0.043671408331700724,0.11155372739275525,0.06543875296118334,0.24908916766118633,1.0083504411072222,2.484759959677589,671201.5006900057,0.8082241930438595,0.3654569975165163,0.013163754825871277,0.06573447630067851,0.2370571845975625,0.9908542822549814,66.7715235788498,50.5050411185759,88.07339755193422,0.6500700214628923,-0.121323532684051,0.2539564018882807,47,0.12488436632747456,-0.045945659807171524,True,0.36515139206108205
ATH.AX,ASX,0.1371149203613998,0.15029424189721088,0.38639939694367076,0.06647483643227668,0.26089574871557386,1.231079005139478,11.83681661572798,65026025.58043095,9.554755878460986,0.1260330395590639,-0.9050121645306319,0.2694284557832574,0.9166665761214171,1.000484817340468,51.590082881871794,24.999997089616414,84.61538351322783,0.7142856762725491,-0.6250000145519146,0.1045892171317941,120,0.0,-0.045811246621352,True,0.3648483392582489
ENVB,NCM,0.1322557608175399,0.18263661625770566,0.7263837419194533,-0.15144330177102022,-0.4065006633531307,1.419975947667848,18.644494745064147,4437845.432234625,960.242637035813,0.25513380772042826,-0.9549243190670696,0.2443401710173338,1.4114832202936427,0.9848737357201066,32.11383472767033,1.6085500046542052,63.835877981972715,-0.9991757335970985,-0.9992060666032409,-0.15886587028837634,120,0.0,-0.04553187561502886,True,0.36421845933999286
JTAI,NCM,0.17504666889120737,0.1989432106516598,0.6619108576118962,-0.16745352620082996,-0.5483094369060476,1.7685019385072256,17.677533150628854,6255993.312607697,97.78183131659743,0.32268594788438704,-0.9919990289116445,0.3355742041926987,1.8386123680241326,1.0154446643253559,29.85113400494039,4.278661546900707,73.26732673267327,-0.9989042215816183,-0.9989868408260495,-0.14634101223418775,120,0.0,-0.04539614974660472,True,0.36391244691574953
SGR.AX,ASX,0.08153001320604816,0.08755856754397132,0.25835900137636747,-0.07918779845477729,-0.28404961692938274,1.023336402591581,5.126272806098268,53702931.04698649,1.2387626425114404,-0.19925878042700568,-0.9116071107875423,0.13250720242214556,0.9799999594688416,1.0029114513571444,35.61726760937812,5.555558544986042,83.99999523162955,-0.9016697508576251,-0.9153504435056314,-0.15982887730322598,120,0.0,-0.04531208705892836,True,0.3637229161568536
EESH,PNK,1.053619553152412,1.7237480078226237,21.913466244576085,2.7136675313912395,14.169427493561171,0.9405240972158403,20.0,40937.136012676936,0.6092560853232925,-0.27691488604624753,-1.0000000000000022,0.16371865894156065,2.0,0.9994545911503588,40.52531696284761,0.0,100.0,-0.8039215693435775,-0.9966666666763679,0.08879893818436121,120,0.02463768115942029,-0.04520294549013776,True,0.3634768416506514
BALY,NYQ,0.11433544929013136,0.1451000157816464,0.31540672740561393,-0.0342595728027474,-0.29028456709515177,1.6264202340405214,4.8294577000245384,280323.7922903764,33.99689361702128,0.22154595379875736,-0.4127393117118256,0.1924702877200387,0.5243697454747351,0.9054208445092886,42.86580832851304,17.11491556563412,67.2669458992015,-0.2555366722150545,-0.5136986425264792,0.017560329305500753,45,0.13043478260869565,-0.04467730291429067,True,0.36229170899474683
ATMVU,NCM,0.02021713393992044,0.01831895986488703,0.2773892173100383,0.03922033251702705,0.06006480803345368,1.0782677545183281,18.83538633818589,4918.53376164099,6.5036496350364965,0.1808470923643298,-0.9999999999999347,0.019774708207328972,1.3863636363636365,1.6388718811444871,70.16239490906655,0.0,100.0,1.0972355081047773,-0.0827921695905455,0.1248758152751069,120,0.0014492753623188406,-0.04461011092568351,True,0.3621402155207162
ISEC.AX,ASX,0.0027169639374749486,0.002516469353831352,0.0035710576338214856,0.004250583862245628,0.01702208632935898,0.9856854665834488,5.437887325066602,40992.14693676672,0.9095602336549187,0.06243695624145584,-0.5159677880596516,0.0013208614012460982,0.004774651679772143,1.0151586156474135,69.90659595487965,61.878390147955386,75.5421390890539,0.10879566381365269,-0.0034696996377389946,0.33861680627260704,120,0.0,-0.04421551821654518,True,0.3612505526074179
GPATU,NGM,0.006741022407654121,0.010661636647450632,0.03891311830264848,0.00448621824664587,0.021541834966181495,0.21111278873987768,2.804628999319265,161474.2426521401,6.604387294479723e-06,-0.03634011901458067,-0.8869934315100251,0.013221065647270023,0.18315375891991387,0.8940468854391646,64.80707049414235,23.80951948447101,100.0,0.06454822163884244,-0.06128140882395757,0.08704937081953604,75,0.08057971014492754,-0.04407044596952031,True,0.3609234675018449
ELRA,PNK,0.19061110027499278,0.18265010002164903,0.5167338779892334,0.025252182038754532,-0.029900266575365677,1.1310710935497241,15.937027516158867,48363263.24350484,10.921527131291631,0.26804609021376413,-0.7358154998577379,0.38122077667378174,2.6500000909494723,0.9987299313619052,47.87907515481245,24.999992724040624,77.77777634055155,0.0,-0.75,0.08941691118710311,120,0.0,-0.043952806128713606,True,0.3606582324859203
ANSCU,NGM,0.007299369525352404,0.008184396175682966,0.06406373625826398,0.0038502361620149812,0.018123344036831076,0.5365230527101392,18.91693350913543,156760.56425277697,3.060293910627177e-05,0.0007564090649600721,-0.9361915505126728,0.00804217454262342,0.15510603011571156,0.9476012332180153,67.8009309985339,33.333863148692686,100.0,0.07501243377221933,-0.09075629901906179,0.05961863449733692,101,0.058114507102884204,-0.04361623433206524,True,0.359899385608607
BULLW,NCM,0.27220174502324174,0.34153565005134406,1.7997367160744677,0.42598746344701927,2.010072141699475,1.1582753445436638,15.515549366752868,550041.216557141,2.671225937183384,0.2234316630130282,-0.5742708442533758,0.3553575677045709,1.9874999748542908,0.9640982305748267,55.94486873085831,18.750000396870433,93.68836329883644,30.79999860922501,-0.7437499871943143,0.1643088976085008,120,0.0,-0.04339318920932661,True,0.3593965000532051
CHAR,NGM,0.0027572777925579327,0.00301191648693266,0.0055990846648064346,0.004928762976893175,0.022907876876655076,0.7528386557234819,6.035872963633372,167425.1400095007,0.0932628896882494,-0.05983672652460634,-0.46129482371441216,0.007245173762429598,0.09758455958031698,0.8854601358249085,75.43117747731462,53.52104635739351,91.17652833681612,0.04545462427060776,-0.004830936124831633,0.3626434891114046,46,0.1275992438563327,-0.04333494421013545,True,0.35926517878328446
BKHA,NGM,0.0037148518719869075,0.004006072508255915,0.016959514311883177,0.006806852759139338,0.026533626566193767,0.692826554580997,7.404669260700389,95104.15798213088,0.015288782318598832,0.20396381344997452,-0.5699738865876249,0.004323634283693671,0.0727934674609614,1.0081622176001728,75.7593069517133,61.224469936123754,91.66650109870896,0.10286844680218654,-0.012070576500969968,0.2727918616273346,74,0.07931844888366628,-0.04318850508224542,True,0.3589350118589538
DOWAY,OQX,0.5779828854134842,0.6615308874035797,1.3229446571669017,0.6955300313907424,0.646097337468079,0.4236556044376991,1.5607219108246129,572843.2344220934,0.25384652373820304,0.2610558536066745,-0.2725498970009303,0.5777316885163464,3.09677434085435,0.9423898837499182,53.048570724818475,36.594202824217064,81.58844487629716,0.6142857349648772,-0.8918918916741978,0.2201622509276238,31,0.18934081346423562,-0.04264451910864592,True,0.3577085215187681
GPLB,PNK,1.5922676742425332,2.689866336990147,17.44132897499807,3.0646780294275007,104.45921064678863,1.134505523190186,16.216216216216218,1160.354680491573,0.05,0.178354759636497,-1.000000000000627,25.401212579824577,2999.000194995669,1.0000885863118252,46.864135012803494,0.0,100.0,-0.9636363652373148,-0.9998181818267158,0.1566393179643851,120,0.008695652173913044,-0.042337997466427246,True,0.35701742680036663
ADIL,NCM,0.174251695706589,0.2162880959232939,1.4148048983804138,-0.074100614251643,-0.35396545489925135,1.2934387377763221,18.370004162498574,26113594.95069132,4.3475404075559565,0.30227235620849513,-0.6931600244558086,0.28385600867947375,1.8571429868944707,0.9890839505190436,36.84883974007219,15.580735845542577,64.10256429850307,-0.9276190485273089,-0.9642857142857143,0.005637176483749155,120,0.0,-0.04227117853943668,True,0.3568667744444737
ALBT,NCM,0.13167393000996278,0.14011422302152832,0.3174383366774645,-0.05748432809064464,-0.26226015618666737,1.2041642356262912,18.42992444198004,3403084.2910454283,12.041642955176915,0.3489303133026749,-0.46115162693552364,0.29396405700828543,2.4361701739109614,0.990409160017759,36.39616423860509,8.113588994998139,77.86885174962799,-0.902164504192988,-0.912554114823872,-0.059642221770639554,120,0.0,-0.04226858239946368,True,0.356860921093922
ISPC,NCM,0.14227698523635374,0.13404518634333681,0.6625054136636832,-0.08626784513983012,-0.3688454984467346,1.775437175056596,16.207022360807834,5380810.77659317,6184.061015034941,0.1559588227651372,-0.8992924199111259,0.3108044519663628,1.2851281952215294,1.0413831020451134,35.255595603510905,8.62068853300805,62.054507883286696,-0.9696223785710851,-0.9789644958188999,-0.08510023574702913,120,0.0,-0.041996845081351764,True,0.35624825236364766
JBDI,NCM,0.19231197852895623,0.18553009844222457,0.5920377890909958,0.03295990904453258,0.2563838638030893,0.8017584732500019,13.960538924023835,8603621.627373366,0.6535713134385097,0.4343004720204408,-0.6908827528156982,0.7759223652666916,29.338462511886544,1.5985414947087988,49.29600562473329,0.5050892509964484,77.45512798604685,-0.8399353243822607,-0.9798865788317623,0.09078147372645103,59,0.09948415622697127,-0.04183462219354256,True,0.35588249880655043
CJMB,NCM,0.09718852648939343,0.097648882324928,0.2878244409103208,0.024846402474003496,0.04965816218108405,0.5349655854035613,1.4319495533368365,173924.72920368693,0.03293692945395299,0.25487194549907016,-0.4488606995971673,0.2269403317042165,0.8555555873446994,1.1382709185894218,50.867987620114114,37.511161458932214,64.22925441277276,-0.04888884226481116,-0.2730560888955495,0.044826944068601056,36,0.16304347826086957,-0.041779376623597764,True,0.35575794015768125
CKHGF,PNK,0.035295166378671715,0.0729694070274829,0.3003987319454141,0.0725199117207393,0.350190598735104,1.0,20.0,10.01387925719987,,0.1934801266293668,-0.9999999999999992,0.004257721873736986,0.41178870205506435,1.0,91.27998866247307,0.0,100.0,3.136828167379057,-0.09019602478850378,0.1712260090007008,120,0.08333333333333333,-0.04161732336111862,True,0.35539256904395355
SKS.AX,ASX,0.07670160960638721,0.08436049355414148,0.15830806595089675,0.17060019602736035,0.7592558591844617,1.2870099142621796,9.59639980963049,504413.35027846496,38.69922577518144,0.29300473239169195,-0.8417083055453869,0.11625104494279176,0.2821917002902174,1.0120098750779885,67.23334239145903,26.3157748680989,100.0,29.933988948052168,-0.3015239504059577,0.3718936977697393,120,0.0,-0.041546980893818586,True,0.355233972387357
FACT,NGM,0.002169373599382711,0.002659301982470651,0.0049438015299560715,0.005277334469198378,0.025939992702981036,0.7375468654091701,4.361279461279461,337959.47489910526,0.4026200667751049,0.07452123131092853,-0.3536849284572621,0.004030850274756164,0.027805336788153605,0.904402201987533,80.8857314279304,51.59815363177147,98.07688075413564,0.04251012868715054,-0.004892386441140427,0.43388033338746823,43,0.1365015166835187,-0.041172272993129144,True,0.3543891424783321
CKDXF,PNK,0.0297499750162175,0.06868256506206895,0.46783382769883214,0.010872765550107669,-0.03999739894984315,0.7612225405921681,20.0,1254.3051445841988,,-0.3700246304999928,-1.0,0.010291320609787555,0.4912280784309297,0.5597197598083137,25.78397233649417,0.0,100.0,0.04761907465063331,-0.3095238078343354,0.037457979074422915,120,0.08260869565217391,-0.041113068825605226,True,0.3542556586329926
FMHS,PNK,2.2376853091514244,3.4881649328875213,32.87019974106346,3.7403019391514456,36.48228520304133,1.274342865952177,11.13963096854017,46231.015456559326,12.88541751527495,0.11724905427700569,-0.9999999997641621,0.7311108535448596,15.500000327418102,1.0670371123489417,48.843769605276336,7.12074304200614,95.88652469001674,0.6666666666666667,-0.9997500000100408,0.12724597398412493,120,0.0,-0.04107811638408748,True,0.35417685360130446
CBLL,NMS,0.06291880557123047,0.07209049052614873,0.09793804814298904,-0.06798054959127538,-0.2846710508308276,1.1065910479284142,3.777304394894449,843851.2352428443,1.2736742663866325,-0.2094229994736416,-0.6924156261152355,0.12292973217090096,0.6419999440511067,0.9754317792341511,33.919821791722946,17.102620809842065,52.35580880829714,-0.5220000076293945,-0.6240079374465333,-0.17193467269545093,53,0.11074651353568499,-0.041048153213227245,True,0.3541092975586766
ADMG,PNK,0.31025513812014066,0.5890843593108493,5.3315220231436715,0.4239479365090411,0.8554693180530878,0.5697844016816584,20.0,11946.46870509762,0.0,0.2106139768560978,-0.9999999999999696,0.05933960587775976,1.8169013581988231,0.7531370511613918,41.14613587653629,0.0,100.0,-0.9948979593730726,-0.9996296296537032,0.08784446743743363,120,0.05543478260869565,-0.041024983339248255,True,0.35405705792751385
ALLR,NCM,0.1348837814533761,0.14808523319417072,0.32247363634693044,-0.2096185150122526,-0.5849969639958743,1.687007336874907,17.62346880043241,9786484.844578207,5551.33207919802,-0.019173236361139,-0.8880438338618715,0.32485042760438426,2.8356940509915014,0.9859569249234522,25.703314867688672,0.14662756598239923,89.19687256519062,-0.999593434339822,-0.9998154040388386,-0.3091394038713267,120,0.0,-0.04088304280239474,True,0.3537370336883231
AFJK,NGM,0.003736738217371792,0.004238982004748878,0.009230661898444284,0.006339871740699497,0.026778953348098804,0.8575411032777682,10.560942678286485,147966.98992691096,0.02457872902823158,0.1586217030598607,-0.8608246519381538,0.005215238098358291,0.04372623746489445,0.947083947314046,74.9443410354276,52.026883348690944,93.38246637588881,0.116027561093764,-0.011654632162145764,0.31069805128661854,90,0.06521739130434782,-0.04047915886418518,True,0.35282642243580775
HKD,NYQ,0.06484573098695165,0.07418762399153206,0.1595888672804507,-0.04212269951104554,-0.20048735951799704,0.8734294930112014,15.589565677833809,4542695.150246229,0.16755982696758634,0.24926696229827924,-0.8003624850846889,0.1423026239437625,0.7259616178168377,1.0141822803685836,37.755361346182106,16.86746849517442,60.56338378158601,-0.736434093340322,-0.7615499232867795,-0.1179459040160392,120,0.0,-0.04009469922042219,True,0.35195960589613406
AMZN,NASDAQ,0.025271369712427515,0.028944808752577104,0.07375899189187965,0.012901092516907657,0.04265514194072382,0.9965825232348069,1.8236038006338942,50802785.59569635,1.3306628152690663,0.030361439785574738,-0.8242804605727955,0.06014603288946987,0.18912278560169957,0.9569316957161417,57.56190306870432,0.0,90.82936222444965,0.25612790426311927,-0.2805452487822115,0.09673378055180049,120,0.0,-0.039944852997025826,True,0.3516217572117408
AEAEU,PNK,0.01966559406405231,0.03052236322598801,0.22384402073805146,0.003778044610913048,0.009840823134943425,1.037060310332871,20.0,1977.6081497445061,0.0,0.42587574529476135,-1.0000000001546274,0.015664923675568383,0.4125000238418579,0.9479163970236584,64.10416981203859,0.0,100.0,0.03838767904045359,-0.3841416365697619,0.030692791596874935,120,0.02355072463768116,-0.03989420089499346,True,0.3515075551608281
GME,NYQ,0.07244991982463135,0.08603379980941778,0.20542193613949147,0.0247658609233171,0.07248648160357168,1.1434734718781887,11.410415850466556,53433566.34723367,3.4793223937406106,0.08112746028809713,-0.8766072347801406,0.14828637347806917,2.031967714022388,0.9876649562831612,47.893963703156054,13.709069819045226,82.88125497316088,-0.03917528919337954,-0.5703092752043734,0.03978016065254292,120,0.0,-0.039497149273579835,True,0.3506123482954808
CCG,NCM,0.12065397708587208,0.13224001242050856,0.3278623477333195,-0.051909333988843044,-0.23063776930379543,1.1965503455500892,14.713158567969923,2606794.6485418086,1.6143880674786686,0.31986317906397477,-0.6837004739183147,0.30959175262828575,9.65829894015127,1.3887852642586709,41.9801257475242,2.644286348452681,85.14851707183269,-0.9488729506995338,-0.969211065733955,-0.11251507314890556,108,0.05434782608695652,-0.03936026345483473,True,0.35030372060552706
ATGL,NCM,0.219521561505934,0.27102544610522283,1.3391063894985036,0.2347487660735826,1.2022123819411934,0.8885273047288315,18.02173580524844,996701.5225792187,0.0200748085896797,0.5150526423698794,-0.6103032702894121,0.32473506218591125,1.4193689358241632,1.0378337743017005,49.08753160802072,6.761621310538686,85.90805892806179,2.3989814790452733,-0.9506871447090927,0.1360689626959436,102,0.05754475703324808,-0.03933307719462653,True,0.3502424254855251
AKAN,NCM,0.12544140729117845,0.14141510578927072,0.4776056250487316,-0.13075478438261717,-0.4422702235915595,1.5787138567989336,16.079778522750416,705357.361311981,730.9514704014804,0.11715461421894574,-0.7339050715488832,0.29298543386927356,2.9421965317919074,1.0319977798664974,34.60955084186067,4.862236628849274,62.85714285714286,-0.9882162158553665,-0.9900683368257075,-0.15899515611944234,120,0.0,-0.0392406032060687,True,0.35003393030515473
GSRTU,NGM,0.027138144822595814,0.025539684396566207,0.23691639571795733,0.027679471137774792,0.1458595220974074,0.75755547105393,7.900543652062679,72507.23834579857,0.004918571195699743,0.26361512864788483,-0.22847127043075424,0.0353072894035818,0.38875001668930054,1.4881328375384166,77.04074793104711,41.996827936886405,91.14414586112699,0.6032064863616922,-0.185925942880136,0.16233656585019302,49,0.11978704525288376,-0.039106209210654275,True,0.349730920769699
GLOP-PB,NYQ,0.011520320554615772,0.01223905571481328,0.026481584775850622,0.014196559688498398,0.05598171516482299,0.9565708470441435,4.852700583585828,14467.430564524922,0.604256079676632,-0.13732584776089454,-0.9473999645146985,0.015877688829455297,0.07336346006533635,1.0043670679041306,67.03576838860474,48.60349020663396,82.17674228035614,0.38662042302907196,-0.03589823063983552,0.23709343650879758,117,0.05016722408026756,-0.03907128591250503,True,0.34965218144569765
DRDBU,NGM,0.010049098395279982,0.013181318535035803,0.02985721480261217,0.0075021009914660475,0.04096917160671571,0.2515968306312656,1.3976705490848587,340740.6829347692,0.001217697664891438,-0.20218476241389952,-0.708584533030447,0.01062604431438116,0.04563492476474614,0.8900767621316347,61.84101357053828,32.83585701149819,87.6212488238242,0.07236183726942058,-0.03875234880611332,0.14490223057176435,44,0.13339920948616601,-0.03904454106540628,True,0.3495918815515674
SIG.AX,ASX,0.05484176128691789,0.0645213250933404,0.19116867343019806,0.06871349909319405,0.33448799411083824,1.1731896504380235,8.860755483480416,59114932.814563364,19.46830965568193,0.28341659565326727,-0.4886011802143613,0.07696644125176834,0.623392860134006,0.9783853906942677,60.99722802564502,28.371808675072018,90.90908740524371,2.8800822836012046,-0.19555468271345983,0.1944560514826164,120,0.0,-0.03878999817356271,True,0.3490179799931443
GIPL,PNK,0.16732225929907996,0.2390292119531817,1.788854348679819,0.20440227798339747,1.2412547025429437,1.2833983557591224,20.0,88.06769451549754,inf,0.4637787234336645,-1.0000000000008065,0.18548502445206108,10.000000074505804,1.0024565972288386,65.1081560442297,0.0,100.0,-0.8952380910481994,-0.9620689669701489,0.08555526677381159,120,0.059420289855072465,-0.038501117405991214,True,0.34836665902516517
QETH.AX,ASX,0.0870333414181392,0.09655569180413383,0.12316479066362723,0.15141950940413645,0.99278989252182,2.1071695145736635,5.443402628918738,35627.88161348732,4.862514776799955,0.3703051069211723,-0.6163960521393245,0.11347550156950204,0.2861855890333038,1.0013776344853533,71.49179531794005,47.208875088598305,87.21399957989554,0.5277132446533306,-0.4211748748812813,0.1757534897319467,34,0.17263427109974425,-0.038494350504215125,True,0.34835140212505356
BWMG,PNK,1.9584035492478027,3.6136543656849067,30.99290898522057,1.050633649616849,1.5451096752683782,1.1049744228684817,6.837567494452915,176945.1422293138,0.5270999970924235,0.07767396805898029,-0.7831598792782765,0.790557108538722,49.00000014551916,1.0103243883607262,45.84694423409509,15.000001023831175,77.27272897789567,-0.7619047665977455,-0.9950000000145519,0.11668448269132126,120,0.0,-0.03803029321143908,True,0.34730512186323625
AR1.AX,ASX,0.005433729426198942,0.013208229303695807,0.0645304635637724,-0.015305041685392973,-0.0617625540240028,0.22698929737888845,1.000218687295179,96384.53560074777,0.0,-0.25820147376766367,-0.9839695269254087,0.00965555923308941,0.21212118201785737,0.6429070912786324,15.765389547772957,0.0,49.05660494063885,-0.2000000298023219,-0.27272728504228205,-0.13539317019912148,120,0.10543478260869565,-0.03753191092765207,True,0.34618145124220934
BQST,PNK,0.8882735402258733,1.6955828369369532,19.291573958395677,1.4023255242227877,4.239563978096599,1.4763607851755736,20.0,1346.3028601106828,inf,-0.02590447874878482,-1.0000000000071567,0.14364551392007419,4.726871896788127,1.021155621692303,41.5244187928732,0.0,100.0,-0.48556701220973464,-0.9882989691315542,0.08887232547526147,120,0.041666666666666664,-0.0372478556833275,True,0.3455410100724896
BANK.AX,ASX,0.003272418617288902,0.0035823757263948926,0.007487179170085164,0.0049714226979984625,0.01956856263258325,1.1598519475442326,3.1257159893931883,125574.86983947821,3.8863731907288277,-0.09980590494187343,-0.7204392765522383,0.004367399420690145,0.01621072434318941,0.9708453226206121,68.46802268855977,54.789453169204464,83.26050776556164,0.06650481155537391,-0.008928294860752821,0.31475816502336157,64,0.09171195652173914,-0.03626154391187003,True,0.34331723608048836
GDSTU,PNK,0.008946505458773131,0.014569459501235726,0.08446810121274881,0.0012075185957246455,0.005154979467780164,0.9108728238151687,20.0,4005.839409510603,0.010752688172043012,0.34172791228818933,-1.0000000021443523,0.007346770046155683,0.18699998855590821,1.0674814639207773,61.210383777737555,0.0,100.0,0.0018692016934760414,-0.15754000872688334,0.0106136289495683,120,0.03297101449275362,-0.0362161008022725,True,0.34321477841125725
FRGT,NCM,0.14910113232126346,0.16830069187470958,0.5990655832196325,-0.20657735485135703,-0.638907483153273,1.3114069697136779,17.530804932233455,2399612.465105319,948.0904222980872,0.03906035378645193,-0.7600717719243484,0.31796324498109707,2.619815668202765,0.990668690916913,28.01191490853632,4.710145553503921,60.758193826310944,-0.9981395349253056,-0.9988750000412647,-0.21684877482720794,120,0.0,-0.03604877294660985,True,0.3428375150100408
APC.AX,ASX,0.11226607498072566,0.1529103556614513,0.4384850644202195,-0.07834020717372117,-0.41636272312949696,1.1920906601271113,20.0,1542821.0563477497,25.416063563636975,-0.30471554232662823,-1.0,0.2057696873870286,3.0,0.9872427922765703,29.621818538566107,0.0,66.6666692536738,-0.9624999988358468,-0.9781249988358468,-0.06490222345052093,120,0.02391304347826087,-0.03602308656058606,True,0.34277960156031706
CMND,NCM,0.11453775819476493,0.13668369422769297,0.35017150313290657,-0.07644549779978642,-0.3120706884639671,1.2473491461432606,16.641455742223037,9034357.16216766,245.87683250269592,0.4131695077447832,-0.9181995633967621,0.23547819847432494,1.6801470166078698,0.9834357672407241,37.515124228507794,0.4201776639067418,70.20757337103007,-0.9346666670682138,-0.9397192963382655,-0.10322340503578964,120,0.0,-0.03590649473287838,True,0.3425167294324166
DNN,ASE,0.0708585743627819,0.07203436674043703,0.12855524424071646,0.04585114145409996,0.15238319242332976,1.2875832429509042,3.0924117504002546,56402276.62709131,19.439138714603047,0.15692889317117958,-0.8089364435302551,0.11025117852161517,0.2624999692663555,1.002546214612829,57.541339249251145,21.965315051264483,86.15385631132632,1.3040000915527346,-0.5082644546677627,0.13728198741851785,120,0.0,-0.03531975062753051,True,0.34119383507062206
GEGP,PNK,0.48682515382227276,0.49527624336288284,4.1439111959596815,0.12862929741939735,-0.027826381859618016,0.9172327230187113,12.248429284143121,18400968.328472685,0.08928305248687127,0.09281084035376666,-0.3923908041391177,0.5733009781693444,9.0,0.9824351217736118,45.13147549010281,0.0,100.0,-0.6666666909198575,-0.975,0.12926801561991583,120,0.005797101449275362,-0.03520816644342056,True,0.34094225335607387
FMR.AX,ASX,0.5180512331661474,0.9669000923409418,10.733125927561407,1.029599046693041,2.5777051770959787,1.2374417793830588,20.0,545808.5892789514,0.9755862211913444,0.10475106623312587,-1.0000000000005267,0.0881687799049546,1.0000000709579127,0.9738583786608817,54.75554201260614,0.0,100.0,20.249999214196617,-0.6125000027939677,0.09325269999257602,120,0.01884057971014493,-0.034940959674362726,True,0.3403397993646351
KVUE,NYQ,0.03260564196637135,0.035255928060917145,0.05864121025818407,-0.008846332747849158,-0.007343749127446581,0.9867239145633312,2.8077469588492394,48825223.946994565,0.8256671578993565,0.01247493895178647,-0.673515137903039,0.055182966603593835,0.1973683711827292,1.0240499590925314,47.29830610815014,10.875700238962665,88.7355059652315,-0.35253188566820315,-0.35253188566820315,-0.07795072437799726,120,0.02282608695652174,-0.034439227665140904,True,0.33920857633217216
CGDXF,PNK,1.2118720825027414,2.191221346606532,23.19424128754805,0.258658318463007,0.18745251434616997,1.1157031924262428,17.23444591256391,12120.416643074006,42.08447802197802,-0.1255397976304122,-1.0000000001656781,0.17407551423011955,5.578947355521848,1.060480749230002,35.90381078625751,0.0,90.4676259339262,-0.23780487043088316,-0.9450000011175871,0.09760185246650535,120,0.0,-0.03426836973949815,True,0.3388233539082217
DULL,PCX,0.056563702798174395,0.05976730451064884,0.11696814837563789,-0.07587326065788914,-0.24214081407762053,1.5098820638447954,7.820417287630402,147229.89454133995,221.28817174515237,0.22332182125458194,-0.5532882850733378,0.07340364361379567,0.33333326315862605,1.0177735885862889,36.25598192696801,8.602153294237482,77.83043883076223,-0.897728845363035,-0.9134840201944069,-0.2768944649453765,120,0.002173913043478261,-0.03422010790612262,True,0.33871454104298726
SX2.AX,ASX,0.06087343028802301,0.07137672622453572,0.10048002374626921,0.13531158125255205,0.5382187464351195,1.3029970494655208,5.621104802165275,1516993.8913015174,4.742912828914811,0.46094112147632654,-0.21851833310584226,0.1049715775377622,0.2116934890770644,0.9198589893726047,65.7380709027503,47.087377929124266,88.01498358104087,1.2394737725442808,-0.32025318724894,0.3458471252504597,40,0.14673913043478262,-0.034139356600195514,True,0.3385324762444748
FVNNR,NCM,0.0876488818401101,0.08798838272326356,0.15261239494331139,0.07035008102364364,0.32893800011182833,0.9069742502289466,5.685035923584989,50458.25633038645,0.15671649684546185,0.17399629900846272,-0.021787147663084375,0.13402214555535016,0.5175000793176411,0.9428754303595855,61.01286061756042,42.551677442481044,70.87866601309382,0.2736363913451345,-0.26146548869208497,0.118195909721968,37,0.15863689776733256,-0.03398746845242079,True,0.3381900237639417
FLOC,NYQ,0.07181946120326181,0.07645298139155522,0.14647574961774984,-0.07911381275355496,-0.272857253437455,0.8716931331476465,1.2805952411708477,1024068.1264901457,0.5721008493640349,-0.1773391956970163,-0.8271557574175914,0.11813798166465962,0.4266031153359617,0.9274556932568051,36.70827739476343,26.76587748765195,50.53876232869243,-0.5207309677962765,-0.5207309677962765,-0.22597335785777362,39,0.1505016722408027,-0.03393563176165504,True,0.3380731508966677
VAU.AX,ASX,0.059963180028909824,0.062223320057538535,0.1008081658650452,0.08023750302073898,0.21159032098881853,1.292254234320071,2.5259136915182254,51693509.22917996,2.3378876207035186,-0.010566596724680102,-0.7879334238637744,0.0990561969888372,0.20202018803278424,0.9973033805669871,60.21440033422392,32.000001430511304,88.8888980871377,1.10769239233796,-0.23711341473156403,0.24471262781313635,56,0.1048136645962733,-0.0339343404281523,True,0.33807023940971037
MHM.AX,ASX,0.08975418933826042,0.09669301540066355,0.13919865513980476,0.010208224179460611,0.02009637948348765,1.0196818904552016,2.9379113008015816,128670.97349172157,0.7159294828046089,0.38326055709095375,-0.0743326622777625,0.10801008991925914,0.3529411867828104,1.0050983405994263,48.790453795436434,24.99999627470892,68.57142662515459,0.1388888336994052,-0.3421052549024037,0.07615432532338119,44,0.13339920948616601,-0.033925782586075315,True,0.33805094459118634
CBRRF,OQB,0.005481970498762344,0.008273458599840269,0.01641549801104397,0.005361547427287803,0.019628984328761697,0.7169385591182518,10.85851510906544,70589.14205235787,0.004685059864653826,0.21670671961056806,-1.0000001084104144,0.008233474401597472,0.14145909118908426,0.9531203434987273,69.35326661924495,23.188323669861717,100.0,0.14081822169415736,-0.04090507595447529,0.17049392539031555,120,0.0007246376811594203,-0.03362498492712107,True,0.3373727553713123
JEGA.AX,ASX,0.01707006889403828,0.01757471008402379,0.030706808269095606,0.008507604425888991,0.0347079669199989,1.4873068990420484,6.80294852171111,3151.94105090293,5.482958966644187,-0.3483972049028718,-0.7601535770408484,0.01935799549265285,0.06389317264495589,0.9367418146820214,57.07600599265172,35.304505013000636,79.12247959342375,0.10260918197775348,-0.07394233461765183,0.1021080209066276,63,0.09316770186335403,-0.03361988418800743,True,0.33736125506146186
FUST,OQB,0.4707857335566812,0.6104520946307815,2.9068883707497006,0.88264878307891,0.6161102855722209,1.5189523680007626,18.22695035460993,51786.965953247745,0.27898258742265075,-0.15721274042962133,-0.9094833964552191,0.51403716790911,9.682000303268433,1.0154331949215347,44.2333092970627,8.354433879048258,100.0,-0.8499999940395355,-0.9948163263651789,0.15533062536226913,120,0.002898550724637681,-0.033401188372126134,True,0.3368681756097205
DRO.AX,ASX,0.10710170936053581,0.112649535269119,0.2350586255555308,0.18681414555163275,0.824491398089484,1.2495125222527317,4.150008350170809,21588447.86488918,7.4202467761706705,0.22910720226346956,-0.8243769401355852,0.1655957906847134,0.596938802817621,1.0122011059442853,60.266865870524406,18.203887680785797,93.79309800518905,22.64706008849537,-0.7329059731090324,0.2781796934384541,120,0.0,-0.033295515225772565,True,0.33662992113348444
PLS.AX,ASX,0.06656372800348648,0.06738388811098679,0.15493070543069198,-0.01437501513618441,-0.08319576144603609,1.0343204580216792,3.546677087101268,51365128.65681051,1.4886562587961842,0.0074292413622589855,-0.5994922280572952,0.10907881285809268,0.32967027496735934,1.0129800696584583,42.33561598958377,13.06122870010229,78.82353349139561,-0.45110295931135636,-0.7613573936922046,-0.029793392256166337,120,0.0,-0.03295158623652794,True,0.33585448646514693
IBAC,NGM,0.0021084425414077726,0.002213014278074681,0.003345489523773941,0.00387009376027538,0.017661232177348392,1.0077703248857581,8.676015000815262,258089.33239678398,0.5507350590480735,0.20987067225325526,-0.09771898413939624,0.008244983246257331,0.09333328973679315,1.10534338410922,72.55454430986103,46.666603088621436,89.06253725293851,0.050301812988680084,-0.01323254672328139,0.28148685773458115,76,0.07723112128146453,-0.03292501894310934,True,0.3357945868899296
FER,NMS,0.03865559018742517,0.03968475635149326,0.11358772818223234,0.03074326659190789,0.1209071248928792,1.5352406439385746,17.88722341184868,114045.11716934704,22400.854166666668,0.035175169156727706,-0.5867996554507926,0.042830413619657566,0.30106669108072925,1.0179782134580153,61.61854705245403,41.041765340152374,86.65743128128356,1.0784119592825738,-0.13685309414872615,0.16844271219268103,120,0.0,-0.03291133188711359,True,0.3357637275612353
GPAEF,PNK,0.10809767893186996,0.14075082169856293,0.41618246568810835,0.18865851816392426,0.7799441827345724,1.1236769761716738,16.64472667717314,2851.8166364626127,inf,-0.05134738494141339,-0.9999999999926916,0.03432830831405265,0.4383674154476242,1.0329295869627253,73.4915733033675,37.04572294446362,100.0,25.204692385253473,-0.304767314445014,0.23971299979956523,120,0.0014492753623188406,-0.03256398592031445,True,0.334980588852414
MSFT,NASDAQ,0.018388514353574765,0.021227936309480257,0.06397182329731926,0.010948420212097206,0.034751594002574375,0.9967469566783168,1.7931468218692694,23417202.465514924,1.1322309547569558,0.02345635168611173,-0.6817078346199388,0.04371391366557318,0.12635544972027768,0.9681008107488391,54.92073975572258,0.0,100.0,0.24393265359209249,-0.19386164290051144,0.10370859355206002,120,0.0,-0.03244531264448325,True,0.3347130238167163
GWLL,OQB,0.07124716969201457,0.13213817286878424,1.0791126647356601,0.10717730334518837,0.29905768862615806,1.3999735036070589,20.0,1008.6851053199479,8.108108108108109,-0.36322157412538536,-1.0,0.042692332505116844,3.2662115285908397,1.0,24.890859124976906,0.0,100.0,-0.32203385806638285,-0.8013559198578136,0.05901403152007113,120,0.06702898550724638,-0.03224238747451441,True,0.33425550143043037
GSTK,PNK,0.11959504577484446,0.23895877501279358,1.3595293132600272,0.2648334648221854,1.1290926118698092,1.0840871578229314,20.0,148.30411743267572,0.13324450366422386,0.3272197618950984,-1.0000000000070626,0.016315685668645025,0.7524752451875445,0.8928571428571428,76.02596013418716,0.0,100.0,8.0,-0.011363679466167809,0.1431417546109406,84,0.08902691511387163,-0.03189460497427904,True,0.3334713784976241
CTGL,OQB,0.7388648870462344,0.6611262898898143,12.969194725045794,6.363172107377623,71.68957634420123,1.3497583475043724,19.305713566017,20532.16063599828,8.15468659342305,-0.17903950025242923,-0.9999999999998258,0.21645735377575048,2.5409091909685415,1.1222835598079,32.04683664567121,0.0,100.0,5.1925002826564075,-0.997500000007276,0.11328907566400565,120,0.014855072463768116,-0.03173906156302564,True,0.3331206847285927
GSIW,NCM,0.18746785219386808,0.2210760780966296,0.49020045450304983,-0.005479293467394082,-0.31973148846989563,1.6009027951541968,18.340911072403117,35226321.503983065,65.64432505999814,0.07273345565911055,-0.979062606316089,0.47084497848772694,11.911110934504764,0.9916956281128537,40.246117352003694,8.504268271470323,91.62910384479488,-0.9860392157664807,-0.9933103446302742,-0.026959563664863104,98,0.05989352262644188,-0.03151206722414979,True,0.3326088951284567
CMHSF,OQB,0.16599283142420931,0.27414362571616074,2.037981522150594,0.17042856081133817,0.23992908398826326,1.2091203686402447,20.0,517.1395690943887,inf,-0.333554554134471,-1.0000000000000038,0.06480120969378653,3.0217390930234322,1.0191076799124164,27.761823536455022,0.0,100.0,-0.5072000174641607,-0.9079999993294477,0.07653040839868314,120,0.05326086956521739,-0.03126397119463903,True,0.33204952889770634
FRFXF,PNK,0.02343666959026871,0.026645540037636497,0.12545298745231045,0.02987750974476179,0.08518030478824287,1.1963863336709053,17.066666666666666,949.357378169624,1.1219512195121952,0.3683443894436103,-0.9958481356984913,0.013807737087804823,0.21906810334811924,1.072467522068915,73.77728789747104,7.157757968739162,100.0,0.764899908047108,-0.1635698958959322,0.16515474928431093,120,0.0010869565217391304,-0.03117597102497499,True,0.33185112055031185
FIISO,PNK,0.012436609476885645,0.020357634514602922,0.13245406029052065,0.014814277404264197,0.05868715545055425,0.9640441693078898,19.672131147540984,25.420219889092163,0.31632653061224486,-0.05892165864842882,-1.0000203407722794,0.006284032538445893,0.23999999999999996,1.2250354949186846,76.03909631886414,12.383172620368924,100.0,0.3891409609547867,-0.1071429215056491,0.0976058731976416,120,0.010507246376811594,-0.031118075341906082,True,0.3317205868610834
RXH.AX,ASX,0.0115134413220265,0.023499869691121323,0.1458738332042081,0.006397028462595942,0.06804150573459578,0.1898131108077673,1.6051781149875752,130421.80858723316,0.0,-0.10538247515634123,-0.7828573334152488,0.010844864168098236,0.22222218389619133,0.6141920847971288,60.80429950568459,32.258066260541895,100.0,0.449999990686774,-0.17241376209627488,0.1138109219034839,120,0.10036231884057971,-0.031012963665855542,True,0.3314835982959855
EBOSF,PNK,0.011039887617491414,0.022429826618663343,0.1302855859118002,0.00040865362800288535,0.011609633793321241,1.01285739466453,20.0,854.0020893265425,inf,0.1284275210915344,-1.000000000000443,0.005220862234614035,0.41108887882391465,1.0860554831317715,84.13661933786155,0.0,100.0,-0.05474380548241975,-0.2913274265872586,0.0026470447243108386,120,0.07318840579710145,-0.030585279821573608,True,0.330519326919291
AMD,NMS,0.061642866320295434,0.06558404244595507,0.11900412296526242,0.021566745377846967,0.12667054811060593,0.9810312483181723,1.9300666103243946,69755836.7291395,0.8695892414844206,0.03206539541803574,-0.8040060334050598,0.09641024488639086,0.23927243191837544,0.9859883025319824,52.99707493582813,19.38616932331624,90.32065951050237,0.5428596712265723,-0.5864795680185964,0.07674543429062447,120,0.0,-0.030582010490656897,True,0.3305119557682268
IPSOF,PNK,0.01750533418008946,0.02515944560855767,0.10281680697030485,-0.0064225655526832315,-0.022300697283998396,0.9713147001567453,20.0,133.2200372080723,inf,0.01062550158631523,-1.0000000000011062,0.011091912658922565,0.4967816232264727,1.5058154545540205,54.92431475917922,0.0,100.0,-0.2065433918451416,-0.36029282572924254,-0.042026814112071126,120,0.020289855072463767,-0.03049041759746235,True,0.3303054471371505
HUBC,NCM,0.1677726633443502,0.19864546409039346,0.5116659750953163,-0.06846234151787778,-0.39479513707244723,1.2975806592442043,15.955852465043325,1383742.6307285656,48.20356330195538,0.35562906408047656,-0.5027967505575807,0.31583195556036614,1.1494252873563218,1.0000402511880806,36.65774510939553,3.100775910157367,72.15190047063119,-0.9684989422078194,-0.977076922930204,-0.0547349160800745,120,0.0,-0.03039626747692431,True,0.3300931728893364
PFE,NYQ,0.03140287658256592,0.03139185137546811,0.06962258381313943,-0.0107064737575398,-0.05263975946559939,1.057027256087591,3.0324685038339467,58196964.409212984,2.1294219334157547,0.04742245967647237,-0.6064859824175405,0.049407392041417336,0.1406942903997466,1.011242871226155,45.146589441772136,19.06830573682332,84.18615726211135,-0.18977885626787339,-0.3676459476955891,-0.04464395301747914,120,0.0,-0.030330392083676827,True,0.32994464785855415
BGLC,NCM,0.2502675002965393,0.3227429915302756,0.9815362013904688,0.038667694338931594,-0.12662286381026577,1.4972188481444733,19.74526906678401,4584567.100614075,0.3099824346446314,0.48222330505152955,-0.5806980312351658,0.37559669306574744,2.90291271574682,0.9472505769248506,44.13632722870078,5.150214238014485,74.85454083673767,-0.804298643754318,-0.9823302480400816,0.05751247661101536,120,0.0,-0.03022851857734582,True,0.32971496018736457
HCWB,NCM,0.1626176414536366,0.1794275566493275,0.8244521710485524,-0.08254391727224775,-0.278817598675105,1.228884449073345,19.8831088614551,3356904.2408031505,13239.689601250977,0.40311835016048864,-0.5635412830758287,0.2533887274850622,2.4545455896587023,1.0111611551235296,40.09573555534257,8.97833063002588,80.45977402086157,-0.9532258087553452,-0.9623253271540234,-0.03935552973864202,120,0.0,-0.030179769609119278,True,0.3296050490103756
HRBR,PNK,1.122827736796487,2.1216714533122514,24.699905668706613,1.0117902053846262,0.45821219561010423,1.0038184596474344,5.420425490858218,78484.3407479729,1.1810241205224778,-0.09358293972562774,-0.9494234140239683,1.8057387446039215,103.99999757856125,1.0065699469992173,43.431311601422856,15.277770189219993,81.66666501098216,-0.5909091106131052,-0.995633187797789,0.0905148586404282,120,0.0,-0.030016440487573015,True,0.32923680129890975
IDKOF,PNK,0.1564260548347044,0.2812632752892685,0.7995029399652211,-0.2658347495247474,-1.209871324309435,0.8655919056526185,13.402113739305486,1837.6947315415418,0.18449304174950298,0.19301444394554265,-0.9999999999999308,0.02002906544280617,0.22499998410542799,0.9823243035104784,53.35595330747625,0.0,100.0,-1.1457906142874656,-1.7935863828725733,-0.18816566486593095,120,0.0018115942028985507,-0.029564919783002852,True,0.3282187864797319
BSUB.AX,ASX,0.002950885100078738,0.0029370799305852746,0.004291424521795149,0.006019981337884842,0.02303200942447766,1.0222234172156983,3.742558519509964,208572.22199067374,2.733997247858787,0.092420349077644,-0.5859667036329601,0.0028754078839544543,0.01548845849570029,0.9644069413753943,73.26137790707278,51.444202082746976,84.09486957462929,0.09611940722193157,-0.007052907211837388,0.43479238269639275,76,0.07723112128146453,-0.02949507169385923,True,0.32806130446590676
MA1.AX,ASX,0.008250172073961401,0.009411988372307035,0.01674318595196314,0.009208924001565743,0.04640395103044512,0.952818759217778,1.3734292466057438,1978640.5419311803,1.526654963835622,-0.2422475118070966,-0.5754235762463473,0.013995002795609878,0.03282831141126692,0.9697325056200391,66.78443405989637,53.646706318285524,76.32773814088016,0.0532242736788473,-0.02226425820765357,0.1930240153220889,33,0.17786561264822134,-0.0294877332190977,True,0.32804475887678586
IGPK,PNK,0.2737804278087469,0.3332749023384516,1.626879652621604,0.26658271701905706,1.4687602016879733,1.0186192187016252,6.759104117440611,73873370.18871577,0.8080712694757004,-0.09738668297241733,-0.7942958149104402,0.41591243248378074,2.3918918867896863,1.0037953647714104,47.42717299806072,14.508926399197676,85.97761721191999,0.12500000909494724,-0.9430379729114795,0.11334948257391309,120,0.0,-0.02896627572363175,True,0.3268690620536223
WBD,NMS,0.06998587095154682,0.06956551410040916,0.24672451545419144,0.02809518524385334,0.020284021537631536,1.0949322937793025,2.5859988260119295,49434262.68198372,3.4890117807548924,0.11202028746391189,-0.7110267275639612,0.10277925694795824,0.39268677890070214,0.9983865536534924,48.32888957605223,13.269209713616988,92.97123880289826,0.6318914192849772,-0.49677880633974275,0.07833247655284935,120,0.0,-0.028432384906275476,True,0.32566533261576835
CML.AX,ASX,0.04672930422469151,0.046722811750543415,0.2319883895663617,-0.016448593213291327,-0.12180665180471613,1.6970604061130294,20.0,124878.76746037303,inf,0.05415565948345426,-0.9999999975319849,0.060714411668210906,0.5384615031925166,1.1103745743059574,30.198253851399834,0.0,71.7948719908108,-0.3888889164836308,-0.6944444582418153,-0.01300823877983436,120,0.06992753623188405,-0.027979120435424998,True,0.3246433862384215
EIIA,NYQ,0.006953640396011152,0.006295879042265071,0.014337291788136936,0.008674389477394129,0.035755797998063596,0.896492328654366,6.330275229357798,24828.14120243494,0.41773255813953486,-0.2902354469893776,-0.7273726705320148,0.012856695280212386,0.050393961357023995,1.0199248662328841,67.17207632089716,48.3447605253783,84.9926059311162,0.09627274654728302,-0.019874509742521862,0.2519414682817659,53,0.11074651353568499,-0.027790737250168007,True,0.32421865073386
HCF.AX,ASX,0.042282856633254054,0.06505015842661074,0.6283444830010968,-0.027350089302299672,-0.14190767527501671,1.8519268213567586,20.0,106070.368957289,inf,-0.16558263896925113,-1.0000000000000002,0.21042874336568923,21.222221339190483,1.0036117187816027,60.794705434833105,0.0,100.0,-0.9628131170014432,-0.9805377059555107,-0.0439094698686123,120,0.0822463768115942,-0.027762114825287065,True,0.3241541175853363
CCTG,NCM,0.11141463630444065,0.1070370750205742,0.7083439458662997,-0.06365313142568087,-0.22366516205689452,1.029270118667839,19.56080727805082,3086104.7500989907,0.7062131795541294,0.29008824165630365,-0.7124923935417051,0.292409651965246,5.201160485123235,1.3137517014795868,39.05345006299495,5.8641981251542745,82.09190106426833,-0.867777771419949,-0.9460985638095275,-0.028029267909415984,91,0.06450071667462971,-0.02761839867247573,True,0.3238300899785481
RNV.AX,ASX,0.10637229649827866,0.10528823609552086,0.14141554870453868,-0.025239473736755787,-0.16893013031598436,0.7721001264494792,4.784768588736329,738848.772446226,0.3669449000367896,0.13731395076347738,-0.25551762691463076,0.16187102657005287,0.7586207073735572,0.9931265559264403,44.34272236493368,32.558141818277804,63.63636178911212,-0.2794117582607435,-0.441176483478513,-0.022164171180212317,47,0.12488436632747456,-0.027563498843417022,True,0.32370631084951507
INND,PNK,0.208645681129645,0.21754370205839862,0.6609634344952897,-0.22072670213732432,-0.6627640102684694,1.4060023961450017,7.223026877911806,542512.1615989412,76.41052143610409,-0.14337834736746938,-0.8632866262310868,0.545775605224854,2.404931451394291,1.0148564775000137,29.03630579981518,5.137912756098217,55.55555555555556,-0.9992000000043348,-0.9992666666706403,-0.13142606848053487,120,0.0,-0.027457265240992512,True,0.32346679274886503
APTOF,OQB,0.1268860243266696,0.1351555379044182,0.6213221110170543,-0.16474018720534656,-0.5574470675791712,1.1954302404604376,17.03667022644256,534221.5584997734,1.819722605049409,-0.0934131886197871,-0.9335725394213301,0.22870165140156484,1.3684210482286503,0.9903071107954294,25.226665018074506,2.439025714003492,57.14285630394588,-0.9917385057372828,-0.9941810343380585,-0.17853875333681407,120,0.0,-0.02711694819903221,True,0.3226995017067762
CREV,NGM,0.1888561065587452,0.2537956806042527,1.0585222014463564,-0.03592976218574188,-0.25661463822399216,1.1468104918856497,19.11963907158776,2032935.2409572823,1.7394320221968338,0.374670221112887,-0.7643176795342798,0.34777539784772565,4.101853812613139,1.1029542831726422,39.29848917866434,5.0613521946320645,71.25505895389594,-0.8564120026614409,-0.9434146357745659,0.013888314496600131,102,0.05754475703324808,-0.02689723782589354,True,0.32220413479775434
GBUG,NGM,0.0574537917957723,0.06018329325870007,0.1107836482913465,0.11436589820685913,0.3944566035315945,1.4145424881461353,2.327786330425433,78243.81666065418,1.4597830389484296,0.18353753269399864,-0.5243481490045108,0.0713107645220083,0.19316233436327443,0.9940313198644798,67.70125247455874,53.560962854942616,89.08377499185646,0.9419858477411478,-0.09479979334276505,0.3732551082500548,34,0.17263427109974425,-0.02648990939172463,True,0.32128575746077004
BIYA,NCM,0.2506527203579989,0.27485431712478675,0.6778265119659901,-0.10942602116647937,-0.8434426049423847,0.7472175812997789,3.8769503318828504,8105050.48449176,1.9470600947902845,0.14367703972277945,-0.6407261784728415,0.5212008295214864,4.627058937211347,0.950467139012482,28.305008979579483,6.253757697051483,45.92200640979262,-0.8707894735341106,-0.9282729807788797,-0.007776662930791764,30,0.1956521739130435,-0.02636298851774127,True,0.3209995970936589
IGTAU,PNK,0.02085529054380293,0.027859114946779208,0.09382394594601091,0.011727649889590356,0.04297932661241621,1.071365040331274,20.0,490.0783662786958,0.05,0.16925085865843967,-0.9897538279923843,0.01985057530465788,0.8395722016689665,1.4645781288151092,67.17662593416638,0.0,100.0,0.259865228108517,-0.15003927070657005,0.07536787042078932,120,0.014492753623188406,-0.026208540245699963,True,0.32065137246488107
EFOI,NCM,0.11157320053916964,0.12231594158497604,0.36929418663590274,0.027568665231779574,-0.0006606354939091249,0.9580444240958196,19.769914676277615,2518222.535971155,2.2161414486158515,0.3862491625488678,-0.7709081112753545,0.175836574390384,0.7699530595258404,0.9830501586233487,47.214540816238355,17.64706042765279,78.12499689559154,0.5359116349587509,-0.49115045088012854,0.087172554577594,120,0.0,-0.02615184622819905,True,0.32052354809405936
BYOC,PNK,0.4178617519545002,0.413984159862666,0.8215838362577494,0.06730158526192725,-0.006865079828281917,0.8781911128472821,9.883947685396809,43055033.835295714,0.12018810754017002,-0.04057958910457331,-0.7215886370398774,0.6802976173647447,1.8,0.9817603926798346,47.90760421361574,20.0,71.42857142857143,-0.5,-0.75,0.17298123783337363,120,0.0,-0.025993028661748463,True,0.32016547229696746
CJET,NCM,0.1948537040290042,0.19279758771760022,0.8392679568847522,-0.14281389733351724,-0.4790313500942994,1.4998383025669593,19.386967808800446,21751119.805001896,5398.816878922525,0.20011354456970615,-0.8873321804625918,0.4196664707267691,9.551281724308847,1.0884222575104594,37.404764358884044,12.328767839124993,69.49775356922073,-0.9984079601536018,-0.9990196078431373,-0.09184728073353877,120,0.0,-0.025828016364313477,True,0.3197934296366085
FYNN,PNK,0.18223981252415022,0.21097048429458332,0.6286548991173428,0.09159624196153549,0.2990497070891449,1.2484628476626238,11.353779343888867,44516443.67088447,8.617701514215756,0.1112406897923521,-0.8089968091993085,0.4049905095837187,2.000000181898945,1.0359673756652426,44.400705710197904,7.575761784988941,90.51094912840064,-0.8461538504591465,-0.9677419372252551,0.01883945679657136,120,0.0,-0.025821490528961155,True,0.3197787162535257
BJDX,NCM,0.14206034974197806,0.16123713737722156,0.4749086076764124,-0.17155775926855854,-0.5818059524568336,1.880228284081648,16.20378219758722,5936002.0657754345,2765.8220248480043,0.1711150342684408,-0.9710375958397881,0.36832187736872296,4.449213064535617,0.9943229959813348,29.654978104833884,0.7996008560868688,82.80067220399967,-0.9984838402769864,-0.9995776397471102,-0.16353336611896552,120,0.0,-0.025735826270346873,True,0.31958557453519354
HBIO,NCM,0.08336026801294806,0.08776617342019181,0.22805512420479063,-0.07950342731427242,-0.20814668560772537,1.1027980601604843,18.643096295505853,17631061.138492938,4.371681674921207,0.06392430686421598,-0.6813367921506287,0.1653343403027181,1.4255318906092438,1.000518740616847,36.70911792494197,0.0,71.92660312862905,-0.923570122511544,-0.9437609860053743,-0.18266633313358352,120,0.0,-0.02565307486111673,True,0.31939900023184165
FCHRF,PNK,0.016692470210025526,0.022084548793822927,0.08640821511120206,0.009908327370305727,0.03620636027239722,0.8811316357403116,20.0,41.75733541903421,0.3125,0.2653956236191249,-0.778399477381264,0.005166258283264174,0.15612373834612037,0.9840171218170454,76.99579783905043,0.0,100.0,0.07493110211265286,-0.28857841831282466,0.0712101238687133,120,0.03768115942028986,-0.025572090092678246,True,0.31921640906035476
DTSQ,NGM,0.002384934018254625,0.0030440453408295456,0.008328891518844575,0.004640100333074194,0.021188669249125713,1.0074728084328624,6.769334912844813,150263.71574596514,0.2830955490452155,-0.08410895062355082,-0.4110903234724827,0.002647854501852142,0.015670895868199034,0.9291938668375893,77.71147985809604,50.0,91.30416754777691,0.04909827126932709,-0.008596002893267451,0.3136097588537159,56,0.1048136645962733,-0.02547692332174334,True,0.31900184263599274
BROXF,PNK,0.010021683214451692,0.013900130950108728,0.045261663492640034,0.010030942097074164,0.03478462712466961,1.1874718532022013,20.0,93.91354366976329,inf,0.2212419363582854,-0.9999999999999976,0.003098447007574936,0.10599359974457041,1.1880410670516506,84.38042601386896,18.404990783301827,100.0,0.24515879671140217,-0.09363442527054018,0.12381942175930982,120,0.042028985507246375,-0.02541427190955614,True,0.3188605865088574
BAC,NYQ,0.0351642937456445,0.03861504469669828,0.09518373956345802,0.030236403819513955,0.10021067803402198,0.971232634500458,2.722230672162023,50108707.320752904,0.8063688509351042,0.11927255750454308,-0.6442618711863136,0.05180522347356667,0.24134932245029792,0.9923365311340044,59.90560081673422,16.7317879247951,88.57673895796405,0.9298306199266497,-0.26989405825812796,0.1494713114369811,120,0.0,-0.02540157767600154,True,0.31883196563334526
GAERF,PNK,0.1367511425852276,0.2416312104546039,0.8660442776032222,0.2681034279267724,1.1713278071158675,1.3355646374737908,20.0,1977.036068268946,inf,0.16008749031379416,-1.0000000000023979,0.028989574485651967,0.43558277362865255,1.133865378093594,78.28092218777837,25.569409746401362,100.0,22.50192124470488,-0.41463417467816155,0.18677196048066375,120,0.04601449275362319,-0.025087207168794423,True,0.3181231745816614
ZIP.AX,ASX,0.09622593584247209,0.09956097103055894,0.18601398289540322,0.1327076062249413,0.6324049150898735,1.0961243377919578,3.6531291524746456,26527868.633024868,2.919801566018028,0.13751842265099326,-0.9094359241995829,0.14842963822304664,0.35655732178553623,0.9900141821780395,58.002730723498374,15.068494716579096,89.82512014080419,10.18072279466221,-0.624269023989649,0.24530863702967315,120,0.0,-0.025030027353946882,True,0.3179942549146706
IWLD.AX,ASX,0.014849306991951128,0.01586800376964962,0.030699689775705107,0.01920736188060721,0.0813986559304795,1.0331387895723456,3.417028715391141,85773.5146286971,0.8484907615207113,-0.30674721644229536,-0.8777993054840066,0.021062462493466095,0.1169950333098102,0.993866684439861,66.5685834249048,21.63463760992711,98.82186765388283,0.5439133374596892,-0.11137591171403001,0.24447566814427663,120,0.0,-0.02502854074931582,True,0.31799090316240464
T,NYQ,0.026102314158466564,0.028029567452696007,0.05426593838996535,0.03218702584673302,0.11294637342034279,0.9859914490985763,2.821853635138474,51210587.77282502,0.6647870742775142,-0.004781023575630287,-0.674435865685074,0.04507594726860214,0.10923278886053853,0.9884324106146757,62.53523051572376,19.845308713269517,87.95048067182678,0.9905115935442907,-0.10660717903583854,0.21011127968681434,120,0.0,-0.024983648321782015,True,0.3178896870807594
GTBP,NCM,0.09999830301537611,0.11333000247976213,0.41429607892455905,-0.07556207703501716,-0.2532047069438992,1.3561689709677514,19.75827292771153,3818434.6891228496,160.16785977195767,0.3027549299191012,-0.6467604766359232,0.21947141857680266,1.9293477651724755,1.0038974702574741,38.75486108716963,0.34234819083371804,73.29193043270168,-0.9273611094554265,-0.9362275479663895,-0.12072686438295505,120,0.0,-0.024902426434942004,True,0.31770656129359665
NOL.AX,ASX,0.03917730066592216,0.04230201226608245,0.10391623144432904,-0.0034970517491120733,-0.02670184933021876,0.9588099186812867,16.766258098139645,776679.569289986,2.0719373883777576,0.20646779376797256,-0.5811803005722771,0.0588695301470106,0.2142856838751807,0.9905128354297427,47.28481291699136,18.823553831089257,70.96773697359976,-0.14754103486558956,-0.28415305351982356,0.003119347367055309,120,0.0,-0.024812007055370067,True,0.3175026985085384
ALCED,PNK,0.16539240013280926,0.1697235735702362,0.5729556019444673,-0.2735622177922633,-0.628967189991808,1.5910739054942469,18.538740487256753,9681.182355072895,1823.189655172414,-0.03607235208801447,-0.8357954765548082,0.4045054290016686,5.586956492443841,1.0277195632176976,29.518543231682234,0.21413276231263012,84.61538461538461,-0.9999865771814367,-0.9999868544603178,-0.26884574784635096,120,0.0,-0.02409137910465864,True,0.31587794481394016
ALCE,OQB,0.16539240013280926,0.1697235735702362,0.5729556019444673,-0.2735622177922633,-0.628967189991808,1.5910739054942469,18.538740487256753,9681.182355072895,1823.189655172414,-0.03607235208801447,-0.8357954765548082,0.4045054290016686,5.586956492443841,1.0277195632176976,29.518543231682234,0.21413276231263012,84.61538461538461,-0.9999865771814367,-0.9999868544603178,-0.26884574784635096,120,0.0,-0.02409137910465864,True,0.31587794481394016
GRO,ASE,0.13117864302455853,0.13600678256618645,0.2584738163205142,-0.09440984538477473,-0.4010648109951674,1.5822652507923907,15.669676915707113,5622338.374348667,17.981353340704473,0.11929034882805656,-0.6504768099344612,0.25328010754056096,0.4726027665699275,0.9636641459749778,33.13937128000232,1.4719418306075767,74.62686600359015,-0.8358778600946715,-0.8969465660664051,-0.20130035405464303,46,0.1275992438563327,-0.02366885733101376,True,0.3149253120273545
BYNOU,PNK,0.01641026296086983,0.020103730588930915,0.1331815863605322,0.013868225169360936,0.03328557230476217,1.156082728193808,18.526315789473685,992.2998163953905,2.2142857142857144,0.329505195515971,-1.00000000085888,0.010895882310577247,0.2319749124458207,1.0922052116524033,65.1794862491188,1.960644983946466,100.0,0.5018832373956716,-0.10753602139202045,0.10484091610854342,120,0.006521739130434782,-0.02362675157640637,True,0.3148303788787101
ALTB,PNK,0.05580605602236896,0.08650214688611335,0.8700739456142954,0.05523769990320256,0.17256623863690226,1.0339912029555889,20.0,63.881780498378916,inf,0.2086365009847786,-1.0000000000000495,0.027262361717712822,1.4752475481245546,1.2676155448737811,65.77996161100647,0.0,100.0,-0.2307692495793746,-0.5960000038146973,0.048230816291219974,120,0.06702898550724638,-0.023408948868341273,True,0.3143393130599712
AAU.AX,ASX,0.13118433737268845,0.13950129513899248,0.35797083764870014,-0.015098658174271555,-0.11434902097642906,1.1689848289771627,6.766639749883937,14350757.6317505,2.780476793440243,-0.16072340749864847,-0.8778787248465272,0.2317788116461551,0.7499999708961709,0.9943994687334976,42.994327788621966,2.857143389327206,100.0,-0.736842102683317,-0.9210526283541461,0.00495480954463759,120,0.0,-0.023350742446154538,True,0.3142080787671522
INM,NCM,0.15120929795359245,0.1776801789605646,0.9145432641583616,-0.0678962787916019,-0.2799885807770636,1.1720532946847304,19.218319292977423,5281405.496133651,45.52838303055982,0.21835729746859542,-0.6836228626459726,0.27873049727368815,2.719298169296605,0.9845925813110016,38.51868232070682,6.614788519023676,59.212879635727134,-0.8854908413320577,-0.9176991158004505,-0.014124555720144382,120,0.0,-0.02334337382816598,True,0.3141914652160275
CNSP,NCM,0.18237897371345077,0.23589162360152838,0.45174469907737635,-0.19971493743257504,-0.5468889580641327,1.592587454954185,17.02369297043274,303615.03462876164,9184.761904761905,0.1096808367367764,-0.8511546214521514,0.39995662053218617,3.5059759535273636,0.9866782030430217,32.0799982261871,0.848630154443569,67.84037558685446,-0.9998549327365664,-0.9999364544300551,-0.20026334511970414,120,0.0,-0.023155500178116684,True,0.31376787852787047
ENSC,NCM,0.14300767219539268,0.17448509551372546,0.5869104767549685,-0.04659056999299157,-0.33916228818973526,1.1885902606062062,18.36119883284379,5057826.358601717,5.828106003733649,0.28615838935697385,-0.8012046041497062,0.24945866685217094,1.8135593182288203,0.9832594617661949,35.1925968231027,3.6458360335220306,65.67481601651387,-0.9166666666666666,-0.9441269844297379,-0.03409580779286801,120,0.0,-0.023078044008180254,True,0.3135932430614701
NZC.NZ,NZE,0.003558649327941373,0.003937984056520527,0.01381526626319958,0.004734695632428955,0.018024469652498702,1.0409926281777386,12.025884779715108,711215.3043635513,0.20920318311988068,0.03856095608835403,-0.9757032008562361,0.003079434401572697,0.02839961152030915,1.1252865029555412,70.22880804186413,45.22136620647742,81.29369264323898,0.11572936811326495,-0.013218812119671674,0.2047170029994654,120,0.0,-0.023017119844227885,True,0.3134558812503243
WHI.AX,ASX,0.02258312164839329,0.024598471574908066,0.037052802049030824,0.023962010459612135,0.10708790661189171,0.9891167228820693,1.9200486452180259,244702.369419725,0.650671223569432,-0.24371418049948018,-0.7476934367565748,0.04709480910648337,0.1216216651604412,0.9927708855479268,63.18972015651696,51.46574322855862,84.93231934479434,0.21692123254683104,-0.06106858180980728,0.24275395808489605,39,0.1505016722408027,-0.02300203090766928,True,0.31342186119129534
BIOE,PNK,0.2263375554071637,0.24778011313574658,0.9596002651207343,0.1447359752419268,-0.47583010524274133,0.4428472179179813,8.039370078740157,76385.84632773933,0.1367497168742922,-0.3451225653391508,-0.9332433595863259,0.29895998289991416,3.026315764707211,0.9942585753023558,39.845841388793026,6.260971514228146,90.56047198158775,-0.8517241286288825,-0.9741741727054108,0.031624442797526416,66,0.08893280632411067,-0.022956077693907284,True,0.31331825342286956
HONDU,NGM,0.03490595975545167,0.038402964700869596,0.1199787446794036,0.06583550576447161,0.18272335118344243,0.8695755150082933,8.655906865987564,103269.61608768106,0.0036615664893265916,0.47928580378485897,-0.3464459042296626,0.04775536287531674,0.2675030698202322,1.1968866358229537,67.25754986262804,50.64935322293664,91.75824222609616,1.4709999084472658,-0.1745454268022017,0.28192379478334423,61,0.0962223806129722,-0.022869257854130465,True,0.31312250628968863
GSRT,NGM,0.0165702239509176,0.018281491645560765,0.22987306045007663,0.02010687873041858,0.07498563713893183,1.9743380927324854,6.0473525097227645,2259070.1313829944,7.430938952894492,0.3383451824986688,-0.3123178984849882,0.03165730048990181,0.3402061583271373,1.3075715709515898,72.4506790110339,31.413582241058293,95.72763863266269,0.5724418072659936,-0.077268611665279,0.16529318965884082,43,0.1365015166835187,-0.022781584899473684,True,0.31292483569301754
ASBP,NGM,0.08510574402087018,0.09014884731547641,0.502739459594341,-0.0517655342601218,-0.15945170202566755,1.5746026800521118,18.785950390298893,33155984.43804063,2067.3894809069216,0.15527256782085236,-0.9493929585970572,0.16865919819308306,2.874999930150805,1.0868101480878622,49.61214945427951,1.3606489888545212,95.72647970304051,-0.9683109420078158,-0.9826120555381911,-0.0923159111948582,120,0.0,-0.02273997462372751,True,0.3128310196688333
GIG,NGM,0.0031718874005248364,0.0035065441915271916,0.012730048650093084,0.005535876233646967,0.023216134361342476,1.360198170164359,14.367573858090402,449982.5317902773,2.7946849763009696,-0.019746926804507396,-0.8093171986291301,0.005547033455301199,0.10351200713017003,1.438198922503294,71.08538634795407,52.77783664646293,89.62259737362032,0.09017627071935475,-0.009920672839941849,0.3021826223709323,57,0.10297482837528604,-0.02268306159288913,True,0.3127027015026642
CUB,NGM,0.0014462315014189704,0.0018076343075971947,0.0047009387204037965,0.004498295275130327,0.022842600927038846,0.8685542903466282,6.8165367483296215,333396.44813957403,0.274725081719276,0.30554462636006635,-0.33929811838000196,0.0064937380424244205,0.05174133809898456,1.0684983802106636,81.8259280727638,36.66673024471189,100.0,0.056000041961669966,-0.007590125616280361,0.47774944202327385,61,0.0962223806129722,-0.022670350414341456,True,0.3126740424223612
AREB,NCM,0.3623247851941612,0.5526645044794524,4.901143672336021,-0.18568519707388714,-0.436274125619718,1.702229275000701,19.032154647011065,438838.9295230267,3232.058846761454,0.33867270353096796,-0.7528340736750723,0.38666909569119606,2.064885496183206,1.0616472692615522,32.3573933065849,1.8528326762320404,79.48113207547169,-0.9996315359290129,-0.9996315359290129,0.029465953674998296,120,0.0,-0.022357500928459728,True,0.31196868072006023
IVG.AX,ASX,0.021919596369168116,0.02903985196087226,0.20752253546536903,0.00204218359915459,-0.029329083454202775,1.1062637832607798,20.0,524393.7380045955,3.2352533674833777,0.11819823470045233,-0.9999999999999902,0.026180954758571295,0.2500000332615195,0.9341637670799058,39.24512433532055,0.0,71.42856889436052,0.32432427262197616,-0.28947364293307015,0.07317719341946244,120,0.08659420289855073,-0.02234906514652918,True,0.31194966110273203
ILUS,PNK,0.1636489421883733,0.18184886638510206,0.648132835089442,-0.09868048052165262,-0.42369223587354343,0.9972332405298943,3.971445870255973,19979782.08660591,0.32113017314180653,-0.17985877393513253,-0.8585626358049605,0.3418745451003386,1.6666665211475213,1.0427454946611179,32.89212459580733,4.379557577972193,62.76978494992885,-0.9811320743527185,-0.9849056605804326,-0.08108986424349986,120,0.0,-0.022165758070540498,True,0.311536370376686
FCAP.AX,ASX,0.015697439262724495,0.01864770199928984,0.04172196592596633,0.014897586978422332,0.06482900768876416,1.5403548519971102,6.869686702365199,10026.166575110014,15.318760719629237,-0.2648333264600569,-0.7307436819215499,0.01709642721200107,0.06129918184692769,0.948602643924421,60.05220774727708,26.66666666666667,88.88888888888889,0.18145163073500026,-0.13893378442076726,0.14317211686543532,71,0.08266993263931414,-0.021832365883458327,True,0.31078469236145334
EMCUF,PNK,0.009528998726449588,0.013313029623677345,0.04072291047737716,0.008282455284585282,0.028871180723942198,0.8634258174966577,20.0,3798.569884473531,1.3338885329916719,0.11839681461606015,-1.0000000000034863,0.01114569135933044,0.25749993324279785,1.060049060486143,68.3041554543242,0.0,100.0,0.19291712365414604,-0.06946685369365069,0.13147294244414723,120,0.014492753623188406,-0.02167750452734285,True,0.31043553637846555
ASTI,NCM,0.14060473920614533,0.1621352197311667,0.5486921649478564,-0.1709742783726531,-0.5733085764164249,1.6226078682524332,19.22191344000821,4084199.5382661493,2902.117563162184,0.018333091261475733,-0.8527912505657567,0.3203806833607837,2.9720670391061454,0.9946189839776246,26.80779893285931,0.8087145590920812,72.48594618590602,-0.9991129032065792,-0.9994717742166211,-0.21135027086342717,120,0.0,-0.021641627199631364,True,0.310354646065102
CYJBF,PNK,0.0250929629387065,0.038400665721795804,0.17805800121587986,0.014232784846864932,0.04357688534445813,1.0030079242078094,20.0,151.2314756150944,57.0,0.16486459420198318,-1.0000000000000182,0.006524973283116182,0.306093692779541,1.3822147027102472,67.96791199772173,0.0,100.0,0.23640683001883733,-0.3847910126551234,0.0625180002228561,120,0.0644927536231884,-0.02144768017321913,True,0.309917366124172
GLNK,OQX,0.23650742675869738,0.2667394653217931,0.4696429252799024,0.08886043494286731,0.02144953962832572,1.605475874613681,5.3341315572850405,49027.38389266255,23.0240483701367,-0.17583708463063408,-0.7258362272061817,0.36666001611417326,0.9183673469387755,0.9781752580155266,47.38247071596959,22.172827611773826,77.32425005541843,-0.7113104380172447,-0.8938686134171312,0.0425434788920078,66,0.08893280632411067,-0.021428873333653564,True,0.3098749635473115
MRI.AX,ASX,0.024691617798220964,0.03797578784534042,0.2658941871989737,-0.023058857998007352,-0.11111468162260492,0.7747431752714723,3.915517404501459,1241538.5190113182,0.0,-0.09361939401998151,-0.9999264264628123,0.02780791994197409,0.4545455315142628,0.7438896922033558,30.5012592822354,0.0,44.64285684587922,-0.43750005093170086,-0.571428584099627,-0.04476528045876837,120,0.10108695652173913,-0.021381717087017915,True,0.3097686433777025
WCN.AX,ASX,0.12604506059231507,0.14824207335081777,0.4526838848793416,0.07957109762906565,0.22581858924699494,1.1525843576086983,12.1480611515994,27895670.253957614,2.6601747131536486,0.38651334356988726,-0.3054418212577868,0.17238726254294484,0.6000000186264519,0.984430232749179,53.969077196520175,31.24999126884822,75.92593129157062,1.9999998669539218,-0.41666665373163103,0.11674375508438462,120,0.0,-0.02128647242619658,True,0.30955390134000127
DPLMF,PNK,0.06673343732496183,0.12265093758003029,1.1804827241518974,0.14271212101585065,0.5709174123393237,1.2666234013574758,20.0,1674.8038985915807,1.4481434058898848,0.2918003346792642,-0.9999999999999672,0.01512450799907462,0.7252475256873584,1.0191714855516316,79.00211568129119,0.0,100.0,5.7004114305422995,-0.11701487213507622,0.11368563315365403,120,0.025,-0.021229780109147334,True,0.309426080803079
CCTSF,PNK,0.010742111555184087,0.013617109926504941,0.06665586180579819,0.004821544228460117,0.018227551191966795,0.6710440886530963,11.876881250606855,35077.3825282215,0.0,0.16798417588297382,-0.9999999993090448,0.025820206935196658,0.9812012903506784,0.9929598370112626,68.48331429246011,15.384502523572905,100.0,0.11331442794851054,-0.11269326551511333,0.06283265199121736,120,0.002173913043478261,-0.02098541147791716,True,0.30887511849854565
CAN,NGM,0.12853723796662278,0.1428209029146547,0.38157554372301067,0.017771470049410633,-0.05323836909761564,1.3166420363218638,7.36113783295312,37018409.715274386,14.407222827862187,0.279668751764805,-0.5084441802254005,0.2301466290689955,0.611702199332206,1.017874175948846,44.50186993682602,7.712076353778784,92.53012075302834,-0.4882629226220938,-0.81230283460881,0.038020168283825755,120,0.0,-0.020961301058017523,True,0.308820758278724
CSDX,OQB,0.4763952511346268,0.5179442078136993,1.1386124886185227,0.3503402028083385,1.1153022513558577,1.6647088451033056,19.306966356890715,105160.7768317972,2.1001059492949263,0.05701454882750846,-0.7536428704776544,1.2878178088693666,70.99999970729863,1.012686826498556,47.97712343906345,0.0,90.99837900532334,-0.8166666545249794,-0.9899999998509884,0.21701842401755891,120,0.0010869565217391304,-0.02078947037277118,True,0.30843334263598665
ENBFF,PNK,0.01587071595601541,0.01588958575109859,0.2637413511922828,0.029809985675932522,0.05098981236475696,1.2076502732240437,20.0,21.01098397506291,0.5,0.0058726428929834346,-0.9999999999874406,0.003486945484641831,0.3709677419354839,1.3623402566747955,86.85157101964082,9.751371931338227,100.0,0.7764543178808194,-0.0751174164661537,0.107885352461581,120,0.05217391304347826,-0.02070932122326402,True,0.3082526354809948
CRI.AX,ASX,0.12396933246419649,0.13797433174276066,0.25545418210120374,0.08347168289681235,0.2807887310895957,1.1583532619667114,5.469827783951964,18714820.897903822,1.9006793753252342,0.5323240580039725,-0.07983583509817564,0.1813146774483737,0.38461543972322815,1.0073211663472423,56.387916822818696,33.333335058004835,78.72340172569706,1.416666576121417,-0.3157894375664364,0.17720846730925305,58,0.10119940029985007,-0.020649594667994153,True,0.308117973841456
CNDAU,PNK,0.013109223957691247,0.014585135051015182,0.1074712060943845,0.01020929025490509,0.03426957970519407,0.9490199902029093,17.22222222222222,7398.472614692535,0.002962085308056872,0.27048260227183824,-0.995860909387268,0.012475922041844978,0.1531947502834226,0.9755203379338813,66.61004325773543,29.80770641528811,100.0,0.26116500296796397,-0.1192954202099855,0.09297039270778736,120,0.002898550724637681,-0.02058612615887495,True,0.30797487545819136
FAU.AX,ASX,0.18568949011544492,0.22331328017179955,0.5700877048918455,0.099029578734788,0.1962599139598381,1.0028328383514915,12.070008114555074,32289993.97363882,1.5370228517793258,0.07631667878455585,-0.9419384472805293,0.25239020083962804,1.2500000291038291,0.9825960211826369,52.50568933820873,0.0,100.0,1.9999998447795724,-0.75,0.13957193897586959,120,0.0036231884057971015,-0.02056002110832006,True,0.3079160180723588
FBR.AX,ASX,0.11339166409076643,0.11944268750102917,0.3574779241121916,-0.026714714150718476,-0.09513967940024724,1.167260393160722,7.718948081973179,31037955.062267974,4.420712988381182,-0.3082911236182255,-0.8937799199749429,0.1921550820352864,0.8500000651925816,1.035257560374882,41.632839629805616,0.0,81.395346419498,-0.8000000074505804,-0.9245282974108741,-0.029383494926221863,120,0.0,-0.020551452666944137,True,0.3078966993562742
ECDA,NCM,0.10134109649996409,0.10812620516774064,0.36734762639560936,-0.11869979023791213,-0.3269850742926489,1.5666502067916552,17.830996011210896,254739.36919427812,15668.747404844291,0.13545779356258103,-0.8710572304200456,0.2674163011869451,4.666666969420431,1.049876274032924,40.21537419934019,2.5145062720965967,90.40765060714894,-0.9934108524490209,-0.9936802972416761,-0.20574239568979202,120,0.0,-0.020199393340185,True,0.30710293373657405
HBRD.AX,ASX,0.00354113240076079,0.0035235344832667596,0.005641504132642375,0.006155726950931578,0.023344959798743,1.0198453060000492,2.0499918008415254,661861.8017835374,1.1714831339346676,0.006086716896264871,-0.6148739573638039,0.0036970535743472747,0.017821811720524723,0.9711975422825879,70.40977445873882,52.4406307147333,85.19280383980193,0.1530796301052615,-0.008211523222432394,0.35837713737184884,120,0.0,-0.020189484804516766,True,0.3070805935957023
EWSB,OQB,0.03232512363513614,0.03480395236062304,0.08318048049180621,-0.02376779558830721,-0.1537909735096098,0.26138693746335623,1.3787598418054499,7210.747884373448,0.1669745630240159,-0.0404801772993163,-0.7394278101004725,0.02412070827774292,0.1421053033126028,0.8496815831703588,32.58227925828394,8.219182019296625,77.08332919412616,-0.14895632832129524,-0.2652174078899881,-0.10375828893127956,38,0.15446224256292906,-0.02003689278005527,True,0.30673655412947665
JWSUF,PNK,0.022468588781770084,0.030905107770217034,0.08408744788392479,-0.015121872392697666,-0.04286653879173427,1.071526743398467,10.0,345.3123311365576,0.05454545454545454,-0.3244770594608457,-1.0000000000000004,0.013420374287560523,0.14108670872531107,1.0150474272978833,27.959089499723113,0.0,60.96655118574749,-0.11151730897157375,-0.20895522762966057,-0.06478583277043044,49,0.11978704525288376,-0.01999412216658314,True,0.30664012196612456
GRAB,NMS,0.047528307123491854,0.051258322754984285,0.12973908650234975,0.03244973509058455,0.10590242462966103,1.0850222065081554,3.022202484547149,51811256.88427894,2.614211751575822,0.10005907817653187,-0.7342797759231183,0.08154302549140162,0.25469170048950596,0.9938378514688435,55.57384013277512,18.18180692237739,90.94828330379136,0.7084548161698954,-0.274319043587092,0.12329297920914067,120,0.0,-0.019795662422882332,True,0.30619266749049867
GCAN,PNK,0.1982498803514422,0.2009640766811943,0.5335936873996662,0.029617143945935308,-0.03953060020515756,1.1336713209056424,16.23980006972475,43219658.21368565,0.4865415604710408,0.09880211906954874,-0.7203273771862966,0.44355712948856973,2.0000001293503598,1.0337596671195213,47.67030916552085,9.374999516830954,70.83333060484955,-0.6363636435794622,-0.8999999961194893,0.0609106213093814,120,0.0,-0.019713057956014524,True,0.30600642448868165
CAHO,PNK,0.1359300990860171,0.1613007603491863,0.8944271909999159,0.06094984740865058,0.19841462318451902,1.780866638366578,20.0,3692.9600784119857,inf,0.30648613467407737,-0.4550069806347484,0.15883684407845247,1.7515384876375377,1.0464397841138524,54.72709196688585,25.664052914096644,100.0,-0.2875000238418579,-0.8315343844661953,0.08407843064582736,120,0.06521739130434782,-0.019406711853657443,True,0.3053157255487653
EZPZ,BTS,0.042008766765994306,0.04254243260981184,0.08127371890175145,0.07403917670235359,0.3643263097041803,1.537126237315052,4.1792594301534205,7195.893794989194,1.1678737233054781,0.15044703536898923,-0.3804203746190512,0.06796930460485853,0.18893518332686637,1.1053267993244982,73.4883892370874,58.45133333312518,87.74438946418088,0.4376654758559788,-0.0833123582680582,0.26028353924637154,33,0.17786561264822134,-0.019385808725143894,True,0.30526859660345096
ARBB,NCM,0.18885957087289823,0.23415193544040752,0.8398625289698508,-0.010721146657204932,-0.16336077717843173,1.1022832939906917,19.763434766419106,1436774.6928155532,30.58534707096667,0.3865046811373435,-0.7418055287404297,0.27153552862442976,1.329365106196431,1.0099621967287125,37.06359577545864,5.043863088910399,75.38631620383693,-0.8329643368517384,-0.9198113210376392,0.03328942092812793,120,0.011231884057971014,-0.01934817747342832,True,0.30518375182994906
BITF,NGM,0.11903154034811232,0.129288603059669,0.3691365809105812,0.1084794946627024,0.20496845969059643,1.2649588281117492,4.8537926906112165,47123949.53268622,6.495155142408973,0.23335679117740252,-0.7929528375681489,0.19962666949870775,0.4547618890835848,1.026587870065954,48.97690548194609,14.040558126386955,91.21791899378582,1.8571426717834214,-0.7933517967944522,0.12014492701081819,120,0.0,-0.019293289437146144,True,0.30505999928933414
DFLI,NCM,0.16849122589589444,0.17025647989045245,1.2073188157117838,-0.025546961463187388,-0.340705424696613,1.5036974430467076,17.47131467505737,32245026.427707102,125.31795103309283,0.06427628683501235,-0.7566347138081299,0.26112805269465433,1.207823976558033,1.0257001532514947,32.0051692577578,5.212920860718242,89.06955735555242,-0.9181681637874103,-0.9932145887641473,0.026034912992993157,120,0.0,-0.019228464330705852,True,0.30491384227296026
CUBWU,NGM,0.019660552990245973,0.019448716696622327,0.11036850501684602,0.010148516101567362,0.03401179970170607,0.6497171256795119,7.293499927074723,129279.6920162904,2.335984407923641e-05,0.1045483634818737,-0.9999999996219061,0.01622926086173032,0.17313150203799396,1.07958330330253,61.4121890195918,36.7321054106551,100.0,0.05699996948242192,-0.14758064354867761,0.04053706303715004,69,0.08506616257088846,-0.01917264292686255,True,0.304787985328274
AMTD,NYQ,0.052368969598703,0.05497715626633902,0.1531063787276843,-0.047234012842618744,-0.19342429534928443,0.9564384472844948,8.430511694780353,195524.76498257977,0.5457304162365109,0.21855191442822816,-0.8950724264158543,0.11019592110758977,0.5460525882376193,1.0123292184896973,36.50783117579828,4.901963610626325,69.27710782808472,-0.7710970273125094,-0.8016877546401087,-0.1641237673355357,120,0.0,-0.019161119524727932,True,0.30476200425138944
IDVV,PNK,0.2082091521270363,0.22258655709579608,0.4822401504795106,0.01816587160625318,-0.11442080269451356,1.0564704336716566,7.531407643949799,58654915.26115784,0.6292057514183871,0.034513858902146574,-0.6877316701342336,0.37187837575585475,1.1428570715824535,0.976328809566017,45.95583160358547,20.833329089024318,76.69903219872661,-0.6357615848088334,-0.8124999863575791,0.0646131994828038,120,0.0,-0.01908493492974994,True,0.30459023572362176
GPAT,NGM,0.0025698972497127342,0.002678584566399753,0.004686904740990802,0.0046699608761404865,0.02207835625609,0.9520248057310025,11.19511729925615,510583.5961174721,0.18190864718114602,0.18631300022593633,-0.4110704029571126,0.0044816827693490565,0.01699719571125732,0.9519730501918328,73.82627356835673,48.1481219844729,95.8334878644506,0.06406409989848472,-0.005665761921829326,0.3673170581332433,67,0.08760545100584036,-0.019021606252823675,True,0.30444745261104833
INR,NYQ,0.06660977569132615,0.06812858501366918,0.11324126730045281,-0.05463477640441646,-0.16079122357284645,1.1060517655804452,1.6564993412342481,650316.257005045,0.6815183812746058,-0.003477263300384789,-0.4262226826981456,0.11357550127911403,0.317503482464103,0.9805613388162244,40.205738862207966,23.96768601957892,62.897821549172775,-0.3981964646971218,-0.4046948000301594,-0.17788040343771866,37,0.15863689776733256,-0.01850826770856301,True,0.3032900610672652
JDZG,NCM,0.2242846037201662,0.3118211088937079,1.153782104043696,-0.06518606222790514,-0.2759230402847368,1.1051253864806474,14.220557004750441,1124528.8988321873,0.7932525024179359,0.2961325238307445,-0.9173866441238695,0.45166683722728307,11.357798141056957,1.2192190412752228,38.92767323223443,1.0599878004234142,76.05125989823193,-0.9811108739343016,-0.9836160368862394,-0.015542441271429558,74,0.07931844888366628,-0.0184763525930996,True,0.3032181041001346
EZGO,NCM,0.12861577567290927,0.13828023569183623,0.46424447435961586,-0.14072402245714233,-0.4437917163865033,1.7187090578764845,16.167287605315735,4344266.610340198,224.4234817115252,0.00736960251840301,-0.8628077305915718,0.3127696296484263,7.919999694824218,1.030832976811784,33.636037490705085,1.1788618747016528,71.42857085613787,-0.9974634145682391,-0.9987100000679493,-0.19556218000147285,120,0.0,-0.0183665713661344,True,0.30297058739760707
CLRUF,OEM,0.00806867851036056,0.011413900470063198,0.03984264717016554,-0.0030339993946304987,0.002597593266102365,0.8562584308317616,20.0,297.4275450430405,1.0,-0.016221055709123886,-1.0000000020280377,0.005177306590690794,0.09780434106437663,0.9889283434205213,49.27396280800173,0.0,100.0,-0.10814412425829223,-0.16777404572171323,-0.0627672560823727,120,0.014855072463768116,-0.017833985985149348,True,0.3017698012435449
ABEV,NYQ,0.030905111799747982,0.03372618467229562,0.06695807475241572,-0.0038340622441018464,0.0011519846396593897,1.0781004629289759,2.1389397225474447,35326871.60525243,2.8336524450016674,0.054347971846950935,-0.6447763580657097,0.05375822214580708,0.12663764414954107,1.0036129026276863,47.38939716752273,2.631536443574575,89.96276692839947,-0.24085031809297763,-0.38146182519704697,-0.05111933630059529,120,0.0,-0.01782477840333163,True,0.30174904149843396
ENBNF,PNK,0.012116953999852936,0.015403243646466619,0.03614246783615225,0.01868681695676683,0.07117956120578539,0.8160774597942018,13.25820351342393,1202.0225577626923,0.2923867651782846,0.34092727667479744,-0.5256674367884318,0.007064538913645591,0.14942527055666868,0.9943344018402309,75.23048106718164,15.945490228598274,100.0,0.29318924132304747,-0.03578188904974654,0.2366273954815707,75,0.07942028985507246,-0.01782143035491135,True,0.3017414928680551
AZI,NGM,0.2096110686572175,0.24382098894670223,0.7128178047186483,-0.05907067815885683,-0.4820221714101692,1.4601905593117042,17.271366328548076,15115839.703750482,8.882325854023197,0.34435647970865996,-0.5828630571640703,0.32981127453120096,1.6,1.0320055855996155,39.03657246105194,12.712522902760739,65.02690363995166,-0.9294999986886978,-0.9326666643222173,-0.05573325421034145,59,0.09948415622697127,-0.01779257496211656,True,0.30167643446169423
FGMCU,NGM,0.004082923879919597,0.0043560530673072625,0.014101817806800636,0.009651856422863127,0.04264199545788651,0.5195939914776486,2.3765045431338074,127906.01411867095,0.029981411550374305,0.12911321834797343,-0.5123032484237281,0.013436135861334778,0.10598625791753272,1.0914761380194289,74.61415718337359,42.307734630324504,90.09209194846778,0.10456849675954061,-0.014213232274196555,0.38477970342335593,37,0.15863689776733256,-0.017738542173294514,True,0.3015546101927612
BBLGW,NCM,0.4439042405989684,0.8727983847640127,6.814575263161219,1.9299241628120276,23.136761730506503,0.8666340669176683,8.333333333333334,8256.627971575528,0.011527377521613832,0.20934859982945242,-0.9999999983371204,0.3143117723128265,5.2272727272727275,0.9436251939814295,51.42235949045824,0.0,98.32501066029373,3.2581967621585166,-0.9480893990951026,0.17322961083587982,120,0.0007246376811594203,-0.017697947584784546,True,0.30146308417354817
AGNCP,NMS,0.012353872296331444,0.014730049708306233,0.03941422698009202,0.015438580762225393,0.0649946334524906,0.967012564420269,2.7531200925696337,128400.00061872363,0.6939287861108164,-0.2756067657019248,-0.8294461583325891,0.01737723178048812,0.06417625509802433,0.949477457987756,65.71121142267485,40.44648017648639,87.29685226131356,0.41638120289847835,-0.08489093680104969,0.22230184842679593,120,0.0,-0.017612567720307448,True,0.3012705836604658
GRWLF,PNK,0.015880047000786268,0.023576940576252554,0.1425273822681309,0.0018615433902836312,0.002058650600771637,1.0803711872513113,20.0,287.2437121351943,inf,0.23682483538447865,-1.0,0.00826324408615526,0.44729728753638964,1.0591079575441047,75.38439185542047,4.836186730301975,100.0,-0.03293685761675469,-0.3090568990605995,0.010580494720596492,120,0.021014492753623187,-0.017598575284554496,True,0.3012390358115882
CSXXY,PNK,0.0411269033537978,0.04449681395059359,0.1535312145408044,0.02470253187120201,0.09929173192088327,1.0244554464089277,18.773333333333333,5773.365463296804,1.2169657422512234,0.2893640983349215,-1.0000000000132794,0.03594167769907348,0.2994044879388337,1.0648400966650553,61.16320028762734,11.57470620570544,100.0,0.511169252724452,-0.33629372868813373,0.08755064118343908,120,0.0,-0.0175445650947349,True,0.3011172624951789
ECRAF,OQX,0.05501186945837058,0.056489376008454155,0.1124472859370478,-0.0020617442847709073,-0.04167450254094121,1.068920766716965,4.557186571466584,83675.93487455677,1.2343461064310663,0.2329805496237114,-0.23930800126750723,0.09671344137860528,0.27419357319652204,1.0175909688381237,46.128826350573284,9.558633775524967,87.10008845062596,-0.13575554134022427,-0.5690207859685169,0.007444397284056755,120,0.0,-0.01753386304984733,True,0.3010931332798832
CHR,NCM,0.09259742238576436,0.0938192693450814,0.3786884514800632,-0.07355556380377286,-0.23071570488661838,1.2519610819955567,19.16431386572508,2779201.791694309,219.64572627441606,0.23548211339164588,-0.7870363803667113,0.19729544701165178,4.375000069849195,1.2070521472285798,41.04274117920503,16.740084543027677,74.19354913137957,-0.9693877544814177,-0.973214284193759,-0.14383208431045524,120,0.0,-0.017363056048971648,True,0.30070802567274413
JCSE,NCM,0.11693969842595071,0.1380345251863572,0.3200503666029486,0.013014021749995375,-0.0037518254229853554,0.9328678007793668,19.467073141268227,2329872.8456318686,0.9908218340950794,0.3533803827333347,-0.6639418188222262,0.22226242211165811,0.9707964140579614,0.9944179442991882,48.40698337421212,16.71826428059164,79.29410625522105,-0.11236930144903479,-0.6563181016339998,0.056068320217799145,120,0.0,-0.017332721493853676,True,0.3006396322938122
FRQN,PNK,0.3760444342729513,0.45354200970443037,2.4516038459533944,0.2189258750305463,0.8985445283760221,1.388672103408163,13.471298113305137,32927275.421931624,1.5468184427801976,0.012133504472889531,-0.7595316965069681,0.6088705425925097,17.38461473020973,1.0040162902413057,46.448025305224036,17.567568024640153,92.78306036488749,-0.6296296216450399,-0.9856459322547935,0.13639678728873134,120,0.0,-0.017189070507764914,True,0.3003157516142605
MMI.AX,ASX,0.06502021840936327,0.07126525421884913,0.13075227050173285,0.07506013237523616,0.3663524943159569,1.0826255497658435,8.323921908788762,45310285.961650975,3.3795534862601433,0.07731097588846421,-0.6725945051096374,0.11614623289977716,0.2631579463336623,0.9888293116163063,62.30059134448493,20.0,95.99999940395357,3.0476191447638072,-0.3396226308998495,0.19595300458611448,120,0.0,-0.017090492800679924,True,0.30009349477058234
FSHP,NGM,0.002346537826235396,0.002540573115975556,0.006187753937247674,0.005401786558286982,0.02108181843830378,0.7731619438110351,5.426477467643848,125621.96472823838,0.16465507539950483,0.15545364341274204,-0.5156995103136567,0.002679858905534277,0.012195132861327163,1.0693122152784353,78.35722916995502,56.25014901175404,92.85699688694218,0.060000038146972745,-0.0066793604849033714,0.3585260611190441,61,0.0962223806129722,-0.01696702066181416,True,0.29981511004569894
ALDF,NGM,0.003119984970037544,0.004464917229720515,0.007995179856862421,0.006576586358298127,0.03571281064893014,0.6730546569933229,1.7345620048322752,284397.8316386729,0.51211112718854,-0.1881549076975238,-0.5847308449507826,0.0094633633042209,0.07484227014045795,0.9783722162794645,73.60039699015113,34.37492549412298,94.00004196174996,0.057070763214988496,-0.014272175921783826,0.3446177915046896,44,0.13339920948616601,-0.016937795000716793,True,0.2997492168191066
JACS-UN,NYQ,0.008827560729681338,0.01023685493471752,0.04042945704776045,0.014513062117932546,0.041604638034880626,1.020453132690647,13.395989974937343,110880.47941942075,0.007388201660386552,0.23833464691543504,-0.9735043843495719,0.013127848059850112,0.11836376708168515,1.1552786747415016,74.38497897764344,53.73135178144665,92.93878194822764,0.06872505806822238,-0.06695656154466711,0.11299773864920572,44,0.13339920948616601,-0.01683260308069673,True,0.299512047333069
GLDN.AX,ASX,0.016657076373042735,0.018748758191969316,0.03846447644385685,0.034597311177552444,0.14255193609104141,1.0364850825220726,7.7613894529909775,121693.04311991154,0.49922258923688373,-0.08909632085052824,-0.8621984400264566,0.025212363053000217,0.07792209170914352,0.9877531223748284,70.4839080131881,41.69961205065301,94.54330591322285,1.0717999928405493,-0.06453782824134507,0.39019259343279933,103,0.056986070071760236,-0.01679806284713059,True,0.29943417168025344
ANKM,OQB,0.11303413091267685,0.17454885473104692,0.5962847939999438,0.17315261491849437,0.6194620967826653,1.4017414598056999,20.0,51.83714700965299,0.28125,0.36715778815168765,-0.9999999999999997,0.053800888281702125,2.0,1.0620534997722146,75.15406671936498,0.0,100.0,2.960396076999287,-0.6666666666666666,0.1538144394869203,97,0.09188704616763783,-0.016722611129934895,True,0.29926405552509117
FUL.AX,ASX,0.10780682391521726,0.12617820037013586,0.2042830732398816,-0.04701612292096164,-0.44922948489521985,1.797195679804069,7.1529466257408565,289293.5282198493,2.7314327145133284,0.03151198840843614,-0.5616765947814351,0.1478499366284124,0.6857142355369064,0.9425886091964595,37.6182506804871,6.666665673255864,76.71232953608913,-0.5833333333333333,-0.8105263215683174,-0.09595433845220296,48,0.12228260869565218,-0.01629658639338405,True,0.2983035248323559
GDLG,OQB,0.34761748083033944,0.4603341484327552,2.080850544139268,0.48574899947102507,0.9330013069550074,1.7011266273491499,20.0,9409.576006077668,inf,0.3842291355248272,-0.9232911645066977,0.3568302055142896,5.390908936971474,1.1938695925113543,60.35659888607021,0.0,100.0,2.125000069849195,-0.9783529411343967,0.17102816707567353,120,0.0641304347826087,-0.016147685430367598,True,0.2979678073660109
SUNPJ.AX,ASX,0.008173987640602128,0.008818397267612178,0.014811923432862407,0.00564646378558778,0.023432978886837243,0.7982484726171714,2.1366967522949936,5820.286437973269,0.8234266097992302,-0.39521037532743203,-0.6789453213437133,0.009603717748285215,0.02881273206074678,0.9037633463607337,59.94570551057161,43.618973224139154,77.9771252839069,0.044382941043793034,-0.021390305328562557,0.13994841115902,41,0.14316012725344646,-0.01613422773699158,True,0.29793746516652797
CLDVF,OQB,0.805590425362094,1.2245358846344687,8.283982035686382,0.37861065344545,-0.285834796355689,1.5029565132918448,15.10001212268154,10644.431546195125,4.693830371333622,-0.08858249631022913,-0.970494958830956,0.9358374036835898,24.904255084104868,0.9420430829391653,37.995874543191086,0.0,69.06085602731162,-0.9824324322963737,-0.9990600000135601,0.12084173736689652,97,0.06051098162259077,-0.016087630935819996,True,0.2978324063427823
BNGO,NCM,0.1359979595829506,0.14506211947010622,0.3641281548698255,-0.16384199929420076,-0.538003216986383,1.3430051386962747,12.05779740411828,414703.3487763799,41.753940679753065,0.043745384085761375,-0.8333555807451033,0.2231307912199822,1.0893855247153494,1.0274042417587455,32.382272940165564,11.810613387468166,56.233419788011076,-0.9946721310172576,-0.9957435898291759,-0.20487702074394598,120,0.0,-0.015832680550321998,True,0.2972575860345106
FMCCH,OQB,0.07597468992333892,0.09543829736270323,0.47864697910854,0.12458673097069335,0.5058386798771013,1.1922446022891262,14.93792705225676,112006.19677523781,94.62370253164558,0.2565770587079437,-0.22860717886015644,0.0796279458864808,0.5752895690342018,0.9745189311024274,64.56254012774816,22.499986588950122,92.16745270739976,6.548076955406859,-0.3233766016619943,0.1918063105152522,120,0.0,-0.015407973548142717,True,0.29630002635308095
GEBRF,PNK,0.8094342272550186,1.2193779762981103,10.171458859286906,0.22347165066845653,0.05326571274935901,1.0091589302658195,10.042918454935622,22597.87514909578,0.7847076461769116,0.08629986357954096,-0.7341051963437173,0.59911324466039,17.57142814061268,1.198117557334411,45.76236294655111,22.704712470864564,60.56985270326022,-0.5828571418840058,-0.9758620694232422,0.13877801831364858,120,0.0,-0.015392748316142735,True,0.29626569899744803
FACTU,NGM,0.00477343896843376,0.006521100932799516,0.013257540396124333,0.005422372518491271,0.02407805650041036,0.9456121247236767,7.621067515022976,185805.34266334708,0.009962379780574954,0.25551377794007973,-0.17829125922262878,0.009370628711873575,0.07980768789906457,0.918677088645836,68.59446225872082,38.636417822456025,92.50005960470162,0.053319990847028764,-0.023076901915509953,0.20638608290416627,46,0.1275992438563327,-0.015375399137634027,True,0.2962265829156302
EDBL,NCM,0.16925625940947833,0.20071539083896198,0.47737126033346217,-0.14849738311234723,-0.5633420605582534,1.5329509196950046,18.578215639572154,6362055.004343779,25.967778714749087,0.2559736173296796,-0.8547712997044502,0.3517098623443147,2.3324468085106385,1.0013907136587652,31.965065366696155,5.590062111801231,65.47619047619048,-0.9968976377502201,-0.9981909548217927,-0.1264952425129033,120,0.0,-0.015375290852588486,True,0.2962263387722721
CR3.AX,ASX,0.12049444301161827,0.11608310678643347,0.20314281801668538,-0.08295851357663832,-0.28672129439884425,1.375230107984871,4.433530480146511,2866041.6705388837,4.061253818385897,-0.07908151438047874,-0.6613890525311857,0.1821366174684206,0.4545455315142628,1.052528396448264,39.01692600360541,22.727274651492763,58.33333333333333,-0.6756756770362637,-0.7297297392538465,-0.14652091449215365,44,0.13339920948616601,-0.015343501137667748,True,0.296154664537715
CDTX,NCM,0.11433941344554158,0.12985308390189193,0.6280560202446567,0.09844431902490024,0.32439811185478007,1.2498164510601077,11.525031366519995,721077.3443319601,33.81221324608585,0.4249467543570796,-0.32910542548399574,0.16531279939079804,0.5185184705513627,1.003405391329935,53.30539924178388,10.195530530929517,94.34247941053545,4.002212439980761,-0.5426724436308616,0.14016761099672614,120,0.0,-0.015293814097372349,True,0.29604263834970235
ILST,PNK,0.20334920174611903,0.2376022231813649,1.0957436795420004,0.08297823296478878,0.19898855642077443,1.2208851383979498,13.683364713214312,42668421.28972744,5.935283560705648,0.1649036389168332,-0.8438336349792012,0.3788077336265147,1.0294117999527355,1.0176887639417171,46.473671759045295,11.029406855322279,87.49999954525265,-0.4,-0.9111111095301623,0.06869909969176058,120,0.0,-0.014732596553500843,True,0.29477729709145883
DGNX,NCM,0.2816701644484005,0.28377363985934173,0.9919711961343184,0.5030732352451235,0.3943030727753401,1.114468250102649,4.621492827424074,2569532.869287957,0.15637837400580337,0.3037294607779671,-0.21670197186973295,0.48012422769467694,2.2631579446366974,1.2300226601687898,53.13292660055347,33.19122034516516,87.10879532926073,22.326315554650837,-0.6168549169526143,0.31566091206517444,38,0.15446224256292906,-0.014649095008937074,True,0.29458903150600557
AEGOF,PNK,0.02871895884241303,0.03440382420125583,0.08434737693880595,0.0313769625542415,0.1126878662836366,1.0517404329766313,19.86765278318412,77663.98954421312,0.16149068322981366,0.23508920053721208,-0.490148571192315,0.014973936506166501,0.14886733039623243,0.9778043391487826,70.53655452205109,10.139126606559657,100.0,0.8902416587133024,-0.1959312006716266,0.1731523760025401,120,0.002173913043478261,-0.014600611792195017,True,0.294479719501871
IPHA,NMS,0.08132756950012,0.09803536870941239,0.5387162170471537,-0.007802031666027952,-0.05630982318102317,0.9670612981765266,19.383161004431315,1092325.7407398392,1.6306795224977042,0.22325511946004314,-0.5995642814950504,0.13494308285719672,0.6758277822066793,1.005604839456108,46.365522618867544,14.957262954332649,69.91497002654648,-0.33983741791519817,-0.5541795514807712,0.015357138224265876,120,0.0,-0.01428668934595373,True,0.293771938664555
VMG.AX,ASX,0.0,0.0,0.0,0.0,0.0,1.5364998398324015,19.175827073256087,62064.70016121012,0.0,,,0.0,0.0,,,,,0.0,0.0,0.0,120,0.11702898550724637,-0.01389339560375813,True,0.29288520444884236
BCB.AX,ASX,0.11314867559109351,0.13384103898566627,0.256106736028388,-0.14796285456680633,-0.5236279149263472,1.1011047475027942,6.059254761005321,572998.8285875883,0.0,-0.302117303108913,-0.9999999999999991,0.2130017657400636,1.1388888336994052,0.9744362768382967,26.950143137360033,0.0,59.42029045600141,-0.9948666661624272,-0.995333333068777,-0.2391371096955508,120,0.0014492753623188406,-0.01370018570833631,True,0.2924495864699538
APP,NMS,0.10061537911240033,0.11041715329462934,0.3364966190880102,0.1774675252275739,0.8954302368095586,1.0789969787474034,3.221944757147061,9674157.965714125,3.2040269475829612,0.3813348632819904,-0.5235263947208781,0.13356007515035137,0.4638804833985896,0.9929699921871348,67.8782253883265,35.892746679443746,96.93421277928569,28.2278765492825,-0.5699723736744688,0.29005956055137866,120,0.0,-0.013678532765440732,True,0.2924007669661671
DPUI,PNK,0.3905297568708704,0.44610197733162893,1.788854544695194,0.2213592980593316,0.4113879477817965,1.1936333011028097,10.554158585854164,38933225.93825564,0.4224244321342041,0.1913028764025864,-0.7268240224306123,0.4729360995805056,1.6666665211475213,0.9893314364363084,41.93971486360592,0.0,79.99999839928932,-0.8000000145519145,-0.9444444448935776,0.12623786358214725,120,0.0007246376811594203,-0.013655340623597134,True,0.29234847712907597
AACT,NYQ,0.002513330204992873,0.0023265124655738323,0.062341727469424665,0.003404863725092643,0.019725806036803514,1.1570627373264921,7.781175814729133,1367458.2789153415,3.467360518435058,0.14544465724480385,-0.6806840918810813,0.00884748991799995,0.308745987583542,1.5560746935732914,83.23759389282858,9.049764968910651,100.0,-0.06132541113882206,-0.17117904548443533,-0.031332085988939565,120,0.04891304347826087,-0.013611820294259114,True,0.29225035462936966
OSX.AX,ASX,0.22903749936963194,0.29192306573794713,2.0186121396884533,-0.09239348633273749,-0.4704745368867701,1.5132604240241259,16.01898755611433,7488762.821672966,194.34494140091724,0.012832509169072514,-0.831196571581528,0.295658217772539,4.583333609280775,0.9890319394024688,32.34851149286685,5.5137852076102405,57.142857142857146,-0.9902438939956167,-0.9926829208752993,0.035721556359437544,120,0.0,-0.013543493114945737,True,0.2920963017135463
ENN.AX,ASX,0.01773482806046748,0.023246922567771614,0.07845817008567228,-0.025687186930894057,-0.09572684070402084,0.8345788112207442,4.413155390952505,153425.44308500955,0.0,-0.16481394510318456,-0.9999999999999992,0.027866156906017094,0.1370558864033517,0.9378721810195174,28.865481182513975,0.0,58.193579242100135,-0.4717338220338866,-0.505964558541007,-0.20720019279847815,120,0.04927536231884058,-0.01335726616971633,True,0.2916764277452989
VIG.AX,ASX,0.03627364125724047,0.04241181239770952,0.22936007439504702,0.03388648619483726,0.14422410908483563,1.8144029755393765,20.0,77861.13931045268,62.43884856806591,0.30066719284735155,-1.0000000000000004,0.02843849390174848,0.38983053843956555,1.1485905435066288,64.44717901278283,0.0,100.0,0.366666734963657,-0.5340908936971475,0.06965040850557473,120,0.050724637681159424,-0.013313081353039713,True,0.29157680706854106
MCK.NZ,NZE,0.03909738796295669,0.04399944588712304,0.14308847932066365,0.019211189287306658,0.0741282256344358,0.8541166004076646,19.255069367277297,192551.70288416682,0.22556924531093553,0.21690102747376105,-0.8274202979621379,0.03964639186868376,0.19999998297010121,0.9819713868618121,52.25076953758556,19.512180561724236,82.12833068850836,0.4740719044985293,-0.17711266315004365,0.08575658798867879,120,0.0,-0.013209122746653368,True,0.29134241825577745
BIT,NYQ,0.013558705950869433,0.015532467435654772,0.0418968723493234,0.00727280243139634,0.03362361618704681,1.1410504539862292,3.1078344952854127,216480.54143259028,5.751611572196548,-0.3337807359931742,-0.7994253216253794,0.020221801774569913,0.11360242487017227,1.0048219385198578,58.00962187710169,25.553642391997286,98.81767464155568,0.15459032506219983,-0.08268463998785514,0.08955817712016945,120,0.0,-0.013206438357402872,True,0.29133636593523093
APLMW,NCM,0.06390156828878718,0.0768241803334548,0.4615731452345835,-0.029043742825165215,-0.14510722832500333,0.7012210417591235,6.113075739359118,61704.51208137584,0.0,-0.07406173905267663,-1.0000000000311606,0.12962216425729414,2.2097700232745003,0.913507455374892,38.3816900234407,0.0,54.21348324012853,-0.6941176439651568,-0.8121827357412904,-0.01963537488485124,120,0.09021739130434783,-0.013152882375526698,True,0.29121561669238627
BPTH,PNK,0.16714211678586285,0.18808422097515856,0.484234168169315,-0.16134108646540735,-0.5268454639918695,1.275009185312567,19.580341979639204,9163144.853041505,3.648516613924051,0.09793619109426863,-0.9453884190128617,0.30784734274811076,2.1825397936695325,1.0205829316947916,32.69031622368971,3.1914890244191554,65.6716415254861,-0.9980337077725183,-0.9983146067070056,-0.1615400188626163,120,0.0,-0.012980049530881332,True,0.29082594154502583
FENG,NYQ,0.09820097122927625,0.10716314929151756,0.2806654910268304,0.024497527458858907,0.07767956513418393,0.9795416321952046,11.419809236686852,202589.21336966922,0.5116903188738868,0.36776752954749614,-0.35976749494605564,0.16987157733682387,0.549019678882892,1.0111014463844685,48.49194420423251,5.785127549489829,79.59183077671395,0.2791877889993186,-0.6030150664966187,0.06559544207551775,120,0.0,-0.012908930646248429,True,0.2906655943499872
AGH,NCM,0.330979843470908,0.5497158276424994,1.24674850705682,0.6108711814856344,3.4221092339432397,0.9407329407383932,8.367555944453818,8119253.782513018,0.2293803251853058,0.4537828233323702,-0.3961361141548721,0.5377160731881254,7.235971532135266,1.3189341714444658,60.07080992067193,4.729607376590238,93.61544014222632,0.11428567752275987,-0.8959558862522502,0.17582338786975452,35,0.16770186335403728,-0.01261479651195363,True,0.29000242895245976
ENL.AX,ASX,0.11861921469775369,0.14001444660716242,0.3332425555278806,-0.11898682725096742,-0.44068588624336763,1.5109272290185471,7.064186964381448,2801128.2803234044,11.964986124951414,-0.07655842669348344,-0.7594032283746662,0.17565020596709388,0.6031745149465149,0.9919058751879005,31.557521275679566,1.886790808344486,68.932041503649,-0.9607142847006013,-0.9775510209667241,-0.17834077774474516,96,0.06114130434782609,-0.01239712900862372,True,0.28951166797117933
SHA.AX,ASX,0.03528658150279818,0.03503993681246046,0.08615074836661563,0.06354145547981399,0.23227946383624332,1.3452822407196645,11.559325953740654,309181.1764592862,40.24234607169308,0.2580735610807217,-0.32984374553489154,0.05067389767256967,0.14765102496786542,1.0118281504913895,70.59797580287972,40.344819455606135,95.26941543458179,3.4618704648415006,-0.12240180903064336,0.34786077302149004,120,0.0,-0.012254850776815207,True,0.289190882352798
SCP.AX,ASX,0.11818473769454126,0.13360310831138655,0.3446455105636864,-0.07714470555256554,-0.2549124188500815,1.0093046314281546,4.782548533700889,221165.00439224343,3.8573491732885534,0.04674610927533015,-0.40128120196509387,0.1725830699343042,0.5454545454545454,0.9790461067545548,41.300330926320264,24.137933337872198,55.55555463573075,-0.6166666573534407,-0.6291666519207255,-0.09615169916208162,47,0.12488436632747456,-0.012128521901559552,True,0.2889060567273093
NET.AX,ASX,0.04504041970282122,0.05731383679312988,0.24261967902107792,-0.03680617089057723,-0.1488187638114855,0.6047769925039356,2.998808639440414,5404777.065980689,0.0,-0.057493739309520925,-0.9999999999999374,0.05974157994288784,0.49999992238978613,0.8664277954377897,35.58519999556895,0.0,57.692305763533035,-0.699999990686774,-0.6999999906867741,-0.0648740583914885,120,0.0786231884057971,-0.012028990730879097,True,0.2886816501703181
IDAI,NCM,0.3292685003405674,0.484567896001014,3.6528818666362257,0.3680528049505293,1.3106319967024511,1.2632246758735675,17.135368859607734,33373644.5254217,0.16004982295351222,0.14872971403022114,-0.5755326401207632,0.2937879917864008,1.3859649150325322,0.9925893086826358,43.11647810168903,3.5980435337275054,90.9000499328445,1.7656250320142144,-0.9371428564130043,0.10603696020216896,120,0.0,-0.012027576530953987,True,0.2886784616643061
BK-PK,NYQ,0.011600610649275362,0.011011669728523691,0.016182751355970526,0.009716690184470638,0.043152848256424,0.5978304460384566,1.6502040249321972,464103.9238462799,0.1625711580663529,-0.020364576260102685,-0.5939502754107119,0.014172042726678914,0.02697575559849139,1.0119490654520593,61.956120102596515,51.66708466670441,68.73444963289953,0.029743490714023935,-0.03276129668258551,0.09438344404120695,30,0.1956521739130435,-0.011611891377655614,True,0.28774124296782844
BAMKF,PNK,0.009617060037387012,0.017614236072913864,0.07336317319581452,0.018859272281210412,0.05799989362622906,1.1713131313131313,20.0,53.85813845964017,inf,0.13040573443941322,-0.9807747296072391,0.0022889017382261853,0.14092671892431594,0.7643764654921803,89.96489947607994,15.214122652810175,100.0,0.5597494395423948,-0.029126162949114808,0.212216433525072,120,0.043478260869565216,-0.01156470563371964,True,0.28763485629254526
HRZN,NMS,0.03306423296030579,0.036040677747514654,0.08659812379698026,-0.011573429754839264,-0.0286851394567542,1.0712556287691342,2.6569572440027533,625121.0578155456,2.7622673145683367,-0.47238342615861356,-0.8978577059397793,0.047856390189332895,0.2642276123342394,0.994018814099359,46.75027738907511,11.219314467236003,80.46956947360289,-0.3386572191954291,-0.44633559019695335,-0.06685984565501107,120,0.0,-0.011171556743806044,True,0.28674844866599714
IMTH,PNK,0.4714193702993656,0.6551174711873173,4.942443723625561,0.11087355727830352,0.08290533103694558,1.582584895964096,11.171035176798865,9967.11308584226,70.8376773674147,-0.00028773506433021716,-1.0000000000000167,0.3222188167855589,11.50000027939678,1.064430846850738,44.59996636365868,0.0,100.0,-0.818181819413319,-0.955789473725488,0.1116172743828993,120,0.00036231884057971015,-0.010937489740872719,True,0.28622071278311334
ERELY,PNK,0.024257099791698655,0.04211902598227361,0.12403317378026338,-0.007059772920625232,-0.06527356417899811,0.9497572868540067,20.0,139.81825829509322,0.0625,0.06376413257251531,-1.0000000000068447,0.011410797598518213,0.31175467791883243,1.0076592518510017,43.35736068625352,0.0,100.0,-0.2443759379729864,-0.2962499581107982,-0.024304525818936336,120,0.020652173913043477,-0.010800182527574975,True,0.28591113500184595
AVHHL,PNK,0.7747405504997306,1.4338371177599005,16.09447651537669,0.27605794752874036,0.20978968029084666,1.0994632765090402,19.28489042675894,10621.557291363932,17.309352517985612,0.2795644343609258,-0.7027205595790847,0.43538910759085764,42.9024366487144,1.0088763057281265,50.088396935096945,17.151814579744666,98.24560229394855,-0.628333330154419,-0.9794999994337559,0.08882393990681108,120,0.0,-0.010730076823447954,True,0.2857530721600142
NRZ.AX,ASX,0.18887017268368336,0.2313520784394841,0.6191391643857274,0.0014494137094371935,-0.36908015292368457,0.9381428971145646,6.446962760076208,21951599.61499846,0.0,-0.3118964137024163,-1.0000000000000004,0.2666969035637999,1.1428570288176474,0.9691185949537906,31.414894419761456,0.0,75.00000058207661,-0.9824561395267614,-0.9827586193746188,-0.0033317317949544947,120,0.01884057971014493,-0.010722563551307462,True,0.28573613246643625
AQMS,NCM,0.11326472076749132,0.11163084902455282,0.38911644341123514,-0.11904719838233252,-0.41070548446925415,1.5097903099419454,17.371522880199784,710860.9239370729,248.85699643368625,0.110929042782961,-0.7524366533040155,0.22549570356506257,1.08695653403086,1.0355702618107017,33.66706505058184,8.163265941640574,69.53781414954608,-0.9758119664640508,-0.9867647062329685,-0.15841616843110226,120,0.0,-0.010589185472641705,True,0.28543541345341894
DYNT,OQB,0.12108606930175059,0.12682182105378478,0.2625275395435223,-0.08314262201412559,-0.3378931921482157,1.0056571150027493,18.94811432457418,1107307.071259165,0.9477864679567163,0.000496039530948271,-0.8122013833846619,0.24615083719784148,0.951219550185676,1.0330653894407613,37.82122760140837,17.871601072628124,68.1692759751891,-0.9277622260821763,-0.933086418640212,-0.11331997248300998,120,0.0,-0.0103678587203207,True,0.2849364021977606
CARM,NCM,0.15829162415896672,0.1703263653166422,0.6090036636709896,-0.07275755597330395,-0.2957756739663593,1.1488005459671153,19.059641549917668,29631966.65039877,50.58477583638088,0.0646850032406411,-0.88370310942658,0.2461414389742254,2.38274335393364,1.0339244749924938,38.26565177391191,14.553989585584247,86.67400827848131,-0.9824401378418166,-0.9837723916881201,-0.0799439000771811,120,0.0,-0.010278776420135805,True,0.28473555403997575
CTSUF,PNK,0.01596770020484804,0.0230339628418437,0.09100112321050868,0.0069168449859769755,0.014531060993067557,1.1338197359134115,20.0,2369.25083119836,0.3023177695666779,0.27894740669979834,-1.0000000007212366,0.015623272438308682,0.2814814729782127,1.0190588049911764,63.64360797654759,0.0,100.0,0.15616179017317133,-0.1757189043531727,0.057656844909501216,120,0.010507246376811594,-0.010266614185785616,True,0.28470813262900274
AIBT,PNK,0.4986361852750998,0.6533383951498704,3.59989612691515,0.35814497512998417,0.18639799352970243,1.8100407077961504,13.1998295696634,2413759.280161137,2898.9409871244634,0.17311794102803824,-0.9783839497474361,0.5691184100795631,2.590908979304319,1.0343847328774376,42.60701583779352,12.500004850637993,90.19607699911948,-0.8823529419821129,-0.9856115099598719,0.11687510656096403,120,0.0,-0.010225525337452801,True,0.28461549223381744
MTL.AX,ASX,0.21884433993385238,0.2407385331726572,0.6519202229109888,0.0730555547298695,0.1320535680621959,1.11547949383978,13.641845320670846,29504225.472990893,2.2889270042916814,-0.03670467448221884,-0.7584408761642517,0.33942460251027484,1.0,0.9554314433865522,48.91517697578079,0.0,100.0,1.0,-0.75,0.11984787191906605,120,0.015942028985507246,-0.010222706524209979,True,0.28460913683610334
BRWC,PNK,0.4098707366786119,0.578566561956499,1.6672713746429568,0.7169425849589656,4.392994399179119,1.4112499608211027,14.530539370031246,17092.731506343964,13.133018867924529,0.09651473941905724,-0.6365774635031681,0.33579021309273005,3.6930231186168974,0.9879084631719811,51.478811662595476,0.0,100.0,-0.751633985400368,-0.9915705260477568,0.18565335519784437,120,0.0007246376811594203,-0.01015969235388714,True,0.2844670628214291
EDGM,PNK,0.6279938708862945,0.7578136301407371,3.2631827592161895,0.536567712272037,0.8123488863234661,1.5067974241158697,14.053746090000917,2246343.6301959953,624.5793594927734,0.11188663341935179,-0.8424842386840611,0.5544312873847358,14.500000836735147,1.049099777645093,46.71836288635632,3.76955934601024,100.0,5.100000204890971,-0.9800000000582076,0.18795739663519853,120,0.0,-0.010087593175312992,True,0.28430450542041485
DHAI,NGM,0.14137787082648084,0.15681928516826546,0.2804473401608251,-0.025547072189866214,-0.1181473338104418,1.6302133777337877,12.970179822995547,10154136.236126613,17.987674487992162,0.26455148605445594,-0.39883684020145055,0.30081077798361233,1.0344828068146934,0.9906985900358259,44.28923035858,5.410448297152271,88.40579897935248,-0.83904347137873,-0.9611428550311497,-0.05459313132086019,87,0.06746626686656672,-0.00974648352058427,True,0.2835354273250724
ENBMF,PNK,0.014668660362731213,0.02125399922496015,0.0743766089981842,0.023628639466797444,0.08644071072919872,1.2757664159531859,20.0,177.29571368049187,5.333333333333333,0.26610200700521724,-0.8015726835417835,0.007905865429780928,0.2553333282470704,1.1720628100333126,84.4401558856232,27.69817494554097,100.0,0.4728693690944812,-0.07041328690442343,0.18961158900006528,92,0.07939508506616257,-0.009481326115653499,True,0.28293759390369866
TMG.AX,ASX,0.15880055045187513,0.1678442607704979,0.35226476047783173,0.17739920939873066,0.7849494860353754,1.375432503022215,12.192381685940534,29424945.23472298,99.36857271252006,0.13536012398991043,-0.8003297084043142,0.2160418038336583,0.6363637441199679,1.017823244567381,54.77913654682534,22.222218772878847,93.10344761142271,12.928570487745592,-0.7058823754991614,0.20547473911753833,120,0.0,-0.009435311824751047,True,0.2828338484285554
IPSI,PNK,0.20849026733092008,0.22536645180623166,0.7071067863314262,0.06837199142022517,0.0864482734775498,1.6043139553188146,8.12287484100395,4920294.950060205,223.67670539557048,-0.19868272243587554,-0.8925625278462609,0.43854403886067495,1.5000002069605811,1.017660684538517,40.550857434106874,1.6806725253977817,93.3333335402939,-0.9428571405763528,-0.9981481481337758,0.030129357643057766,120,0.0,-0.009349868753980417,True,0.2826412054082904
CBMJ,PNK,0.894691330940356,1.5797011375395786,16.53683885788892,0.9290635474434272,5.296946280140784,1.118172568337588,12.431299556490316,218880.7506070143,3.836848006905721,0.07990055447783936,-0.7458610357863209,0.43150274089495194,2.5833334109435495,0.9966696628062075,47.38343343310348,7.311658836560213,97.05353367934443,8.043478429880844,-0.9875000010348028,0.09783220483365153,120,0.0,-0.009328342582914928,True,0.2825926717288312
GARP.AX,ASX,0.015537998357391144,0.01753474519882355,0.032625323421762616,0.024871804832906675,0.07247953600742206,1.518510099957376,8.163476547663098,121873.4921134931,7.600130328427638,-0.10448462358893083,-0.5606366069779719,0.031156118214826903,0.11625792065048739,0.9762898951454789,66.5040658915897,29.816551695469528,88.75029942491554,0.30920755997329885,-0.10057714353292145,0.30773079810944004,55,0.1067193675889328,-0.00931097197115971,True,0.2825535073228449
GRAF-UN,ASE,0.013124375206713591,0.017732725604270267,0.04093120916572663,0.007863313239845458,0.034136463732897776,0.7152692034015108,6.290790520937636,91035.10845355318,0.004396894891490595,0.07398353917929573,-0.22103858120667924,0.01750131356635552,0.10039323884218941,1.1882900703805737,61.463826662712485,34.695550434432036,87.15599862110722,0.06800003051757808,-0.058171756129184744,0.08721852130140072,48,0.12228260869565218,-0.00918350686639502,True,0.2822661199134413
SW,NYQ,0.05325599211838201,0.05490285886252487,0.104121262554947,0.015818973554903096,0.05787269792941932,1.4254848668153122,19.94671635944319,6180191.473837004,21805.855263157893,0.11443795542493769,-0.5611978982938448,0.05926926207815797,0.19240130167946085,1.0185952993686358,52.9695459424541,13.45760290293164,84.29331185157977,0.321720245845031,-0.2739348513491313,0.05623077832593022,120,0.0,-0.008951619728331306,True,0.28174329883229
EJH,NCM,0.18965132700011006,0.2233524577710861,0.5880589237890596,-0.057004039504918905,-0.4545454943590446,1.743122152404228,12.669382135804083,635019.9931318194,1143.917868177137,-0.05798550266389024,-0.947941896372454,0.4972642715574432,10.314516129032258,0.9814818273676277,34.23216699096345,0.9911322715925195,92.0,-0.9997108652574797,-0.9999071343993272,-0.07658532592964659,120,0.0,-0.00887723178949551,True,0.2815755811100761
CXO.AX,ASX,0.09187556787890044,0.09683708804232363,0.200140278355696,-0.06747046920287168,-0.23871254069674777,0.9720028211467392,5.34348006842257,35083618.18076559,0.42415590089471894,0.14756944888216536,-0.8292597633079596,0.1472650889402748,0.4096385308560685,1.0002346682034042,38.81294701960894,9.826592542846782,76.40449522857253,-0.8870967785868841,-0.934010155663125,-0.1284116832539078,120,0.0,-0.008686642745883433,True,0.28114587219793497
FAXXF,PNK,0.018270440849992468,0.022979867336559927,0.08120915178650463,0.02735310808155841,0.10527822552197225,0.9146240514182593,8.936119686535264,1023.7254074523818,0.882494004796163,0.22903147908584398,-1.0000000000000924,0.007396118986419174,0.15637663759023615,0.9341464555075504,73.17182252364994,36.85621956306508,100.0,0.8041486113592446,-0.05578683521814994,0.24242584833188477,120,0.0,-0.008567993311689504,True,0.28087836091645013
HOTH,NCM,0.12623093629789783,0.1602172837780196,0.7024900672459786,0.018504787627898592,-0.011711598220315558,0.9312077652504612,15.429808306295252,23416290.30818666,15.624741818701471,0.4122156075649954,-0.8143069927101746,0.19895047114259956,1.5900000031370867,0.9887188903744816,46.02676826039535,10.835509239964551,80.96885873808921,-0.4733333190282186,-0.796666661898295,0.02786534427551693,120,0.0,-0.008547368014871048,True,0.28083185838046765
EPN.AX,ASX,0.02169525088721345,0.03047223154159906,0.1609422053634649,0.011689925630649778,0.04346561374959776,0.4985595905471758,2.8181052612990256,222374.60054997433,0.0,0.3091155648111127,-0.6962917646325654,0.03366611784547954,0.35714283813627457,0.8395463600683665,48.4140684113988,0.0,70.0,0.09090910630285265,-0.25000002910382907,0.045828599943915714,120,0.0891304347826087,-0.008463838792015566,True,0.28064353039054246
GLE,NCM,0.19701405762233362,0.2039616619680481,0.479376475479421,-0.06579308604503828,-0.28296694395752525,1.8213541102038993,14.224527160093553,6174776.3632848095,31.10389558103061,0.017976169409707348,-0.7241363752946416,0.38560317324438287,2.32653047694906,0.9631845369018478,41.90913182539393,16.15541974636166,76.18110237144346,-0.8424641045984558,-0.8642082496756525,-0.038553128824733995,56,0.1048136645962733,-0.008398594987038877,True,0.2804964293613902
ETHM,NGM,0.00939300075651584,0.010945601824235172,0.04036725103266223,0.011141886161001393,0.05748606831010072,1.478899837968165,18.700913897843456,3379237.4389629075,4.889088280226975,0.19476938969321378,-0.5615106702316536,0.028291608305638302,0.3934426115599229,0.9959446329422079,79.70518232843159,54.98007922715151,96.45382635720783,0.06523948647022015,-0.0652952125209416,0.10996859490859164,44,0.13339920948616601,-0.008344570832798437,True,0.2803746245602955
AIXN,OQB,0.8720434809480373,1.31501929793113,11.066465173625366,0.5028464710632998,0.7870624963286167,0.8087737290170428,11.84,2332.856920901892,0.03654970760233918,0.08223891055189028,-0.9999999999999964,0.44098985378940975,28.411763107487985,0.9971937084006087,41.6973061671198,0.0,100.0,-0.799331096345107,-0.9959523805485966,0.1300113176609113,120,0.0,-0.008223402334484209,True,0.2801014337062485
WNX.AX,ASX,0.08952593381258657,0.09565566288286201,0.2126139906357272,-0.06767132453144578,-0.2735609166887817,1.3094640324347042,20.0,121915.32077676995,inf,-0.07786479821398605,-0.9999999999999997,0.1394598784956105,0.6249999751647324,1.030828025240273,33.81952541993802,0.0,63.46154110671534,-0.8805970170277126,-0.8930348235838915,-0.1108839295616225,120,0.017753623188405798,-0.008216629964951538,True,0.28008616447833623
BAOS,NCM,0.13400742475839594,0.17094362522478826,0.49112588459143747,0.004636219724702819,-0.017406944237941948,1.0350556226032464,19.4877645367723,4434933.78498206,9.970239431896061,0.3574315349628614,-0.5308532940651945,0.2840185168981994,3.5175437379570735,0.9796110062996239,45.167250707316434,8.888887369694416,75.7709270071536,-0.5006369268895645,-0.8495145705229644,0.036182952053000095,120,0.0,-0.008072607731384185,True,0.27976144677086756
CVNA,NYQ,0.1019257287361377,0.11879863493598304,0.22853366051246693,0.17402179810719018,1.0366139022393313,0.8621574450688383,2.2187594946849303,18171838.562181834,0.12312946961394854,0.4199133385833165,-0.7041737112281361,0.15882183318427218,0.46821672378974355,0.9396103531075958,65.13335349472892,34.116331275181736,88.87318486626945,11.702160079678901,-0.4524904309197432,0.25791854908620204,120,0.0,-0.008056221932516816,True,0.2797245027594364
BTGRF,PNK,0.05799366738298997,0.09306630857828997,0.4472135954999579,0.020210704656398622,0.11344235959917176,1.7052562180624864,20.0,1307.6591548975691,inf,-0.2419839432974032,-1.0,0.022643599524168716,0.5789474509759633,1.1319762232988306,49.32090692560869,0.0,100.0,-0.3749999767169351,-0.7031249970896168,0.022231708803422755,120,0.06123188405797102,-0.00789845475092582,True,0.2793687951978253
FREJN,OQB,0.06641040561679686,0.08472067541309797,0.3682384853662313,0.1277358928293821,0.5158507078118526,1.2620463105111355,19.69193958426798,29006.43072820331,104.15625,0.3352192849773838,-0.999999996198303,0.04136631434981397,0.5,1.0301772491921215,72.56661850433291,0.0,100.0,7.549999872843424,-0.28391610947300694,0.23294214464968974,120,0.0010869565217391304,-0.007865357980661958,True,0.27929417402928425
INEO,NCM,0.18029297995455182,0.2358278218676493,0.4755698829015678,-0.05572802737914113,-0.33438303852652107,1.2162209247152131,15.697194773246245,15182758.512652783,0.6093710584361117,0.31490103157562416,-0.5488298062703802,0.36897991172453104,1.727272700403617,0.9837365167012326,40.17914759907031,15.828676401248615,65.748440218697,-0.8450166682402293,-0.8976666629314423,-0.06100460423529691,51,0.11508951406649616,-0.007798577398222151,True,0.2791436081263944
AN3PK.AX,ASX,0.005940816945979211,0.006236155233222779,0.011062253500005906,0.007250223804732856,0.02689234069974656,0.9565209499270086,2.069523959766523,22183.68977512246,0.47155421542530457,-0.23115894464590428,-0.7368314055586531,0.008404158768320132,0.026203543613329647,1.0024270009534315,64.29977003667308,46.435568050965315,80.16568833963099,0.17881913374678216,-0.025534432175175602,0.23575919497745543,120,0.007971014492753623,-0.007725714116104454,True,0.2789793279500504
CLDI,ASE,0.20035394668326742,0.22272292969521146,1.0082090858927588,-0.14835164022620007,-0.5300283523945888,1.716817545271595,18.53761060364251,2048942.567917867,296.9000304167089,0.2845964280050796,-0.9185456126150388,0.3749884021600985,3.611111149266804,1.019718705969817,35.54353283406101,5.440898094090059,86.30134695618003,-0.9987686686588872,-0.9987824162694492,-0.07667214234968406,120,0.0,-0.007623995888618562,True,0.2787499903761296
LRM.AX,ASX,0.20993835990995055,0.22697577009569853,0.49949972555766464,0.21771922802350804,1.0345915401508212,1.1329337629041232,11.408724747591465,20180346.504349817,5.285824745391972,0.4262510543471475,-0.42441088479246836,0.24112288700995782,0.7499999708961709,0.9811084822155328,57.359326226964,25.000001455191367,95.23809467493724,23.999999185092786,-0.5999999720603222,0.19945683363149183,120,0.0,-0.007598951787866015,True,0.27869352504587785
SPK.AX,ASX,0.02641805116826141,0.028652262777688994,0.08313659841114851,-0.02109137582068582,-0.08023433203098733,1.0889691757781956,3.900173008149056,2790446.3578169486,2.548587025601838,-0.27238988707400996,-0.82024663522712,0.042736652686454574,0.29577468572403354,1.0134202754597523,41.13608650738843,6.397929137780565,96.70331933854364,-0.441919391935478,-0.6090942537947124,-0.13090733635683002,120,0.0,-0.0073294087525374585,True,0.2780858036244829
FBDS,PNK,0.7325580332457117,1.0291197001679775,6.057711319804192,0.9048434455422821,3.6662798734526403,0.9356793467262025,16.832512315270936,786.9210158016364,1.9085785848465875,0.10224585633873966,-1.0000000001210705,0.19732630664002826,7.0,0.9646146688389098,43.59750346944272,0.0,100.0,-0.8511111034581689,-0.9973333331360309,0.1447439158752013,120,0.002898550724637681,-0.007182052534819461,True,0.27775356899644355
FXCXD,PNK,0.3335444688466674,0.6035968262684431,6.5793502169251274,0.519201273895688,2.3963649607739876,0.8908658486172868,19.987917390753076,363634.94591035694,0.5290196078431373,-0.09659167153653203,-1.0000000009583205,0.03439798542059271,0.9360000014305114,1.0540159895504728,50.853343478193175,0.0,100.0,18.50000018626451,-0.4545454637817115,0.09566127085049916,120,0.003985507246376811,-0.007160918501079139,True,0.27770591944390055
CGFPD.AX,ASX,0.007584375111094019,0.007834033923818548,0.016604972094162618,0.007396015303481313,0.02719143593286053,0.929855963694913,2.770399549803039,5484.801961342284,0.5102711166329119,-0.06606971003034835,-0.9397344774547188,0.011181907467624737,0.029306128613597167,1.0050077924403367,61.8804612178404,44.41092251431726,79.19746414001713,0.18118927229242066,-0.025900370507020112,0.1974546375037427,120,0.009420289855072464,-0.007091493791601899,True,0.2775493919970978
FSML.AX,ASX,0.021838066118577755,0.02557501522754854,0.05062596541552763,0.03340101892609249,0.12666282561330489,1.213128188239136,3.0079300676030862,702279.4042591293,2.4272548667094633,-0.16894192331641536,-0.8709250657493302,0.03100395531005647,0.09480120629594208,0.9682016307171583,64.7825418315044,41.57302828665353,94.73684606789962,0.28487059056830333,-0.11019286498465275,0.24192068464274946,46,0.1275992438563327,-0.0070623290395834815,True,0.2774836360983054
DUO,NCM,0.24296259192600556,0.33997935825077136,1.793834507423956,0.016881564588804833,-0.30391255638755404,1.5865183467149275,16.29905877072737,3261626.3665178055,202.65582203125814,0.31274978119531355,-0.6041956500968977,0.3276079093752558,2.9589743974306546,1.0185802202784677,34.03253273406571,2.772572278113884,87.317448458417,-0.9840909093577342,-0.9931886508153647,0.031070017537910798,120,0.0,-0.006734993266534706,True,0.27674561309196744
AKP.AX,ASX,0.024207302673909484,0.04201128091532199,0.27576125043485394,-0.02529136014665255,-0.04893135826059093,0.587538419420246,3.537777468189839,6438.307799394654,0.0,-0.02401927714930874,-1.0000000000000246,0.037136581078292964,0.2760000228881836,0.8488088855896019,34.08782543085317,0.0,70.60932199805077,-0.5193798455343275,-0.5193798455343275,-0.12157334843001963,120,0.07644927536231884,-0.006573044704162645,True,0.2763804780388668
CCL,NYQ,0.06135069210649037,0.06965540489202864,0.13130832893628192,0.053531065533409965,0.21733386783070036,0.957257941699009,2.27842597510134,43784839.28656925,0.5433468709329944,0.21317932949736093,-0.6067237460537664,0.09241570105052371,0.2783446721825519,0.9837260571055155,57.127423520189716,11.604100821277427,90.54054162901103,0.8259493691897166,-0.42069331919117203,0.10795734846796412,120,0.0,-0.00655579549234564,True,0.27634158734554726
MRQ.AX,ASX,0.2081480229390652,0.2528957501304522,1.3939352747405305,0.10622023328937785,0.189136900176402,1.0452468677697593,15.16069342372468,21782854.893061344,0.8110248431446009,0.1928231596405525,-0.41292953787640335,0.2861640208779865,1.0,0.9926471402386776,47.9432555257878,0.0,100.0,1.4999998253770257,-0.666666653731631,0.11191947274965149,120,0.002173913043478261,-0.0061636678640075715,True,0.27545748229207634
AFC.NZ,NZE,0.0,0.0,0.0,0.0,0.0,1.3700432881895583,20.0,18474.690145546403,0.06683940940697848,,,0.0,0.0,,,,,0.0,0.0,0.0,120,0.10579710144927536,-0.00607609126198444,True,0.2752600289355184
IMTE,NCM,0.15927123371574056,0.20824844254128758,1.0791555425728272,-0.028830955253603588,-0.18187408293540033,1.2308198220826052,19.601105388923006,3761974.8484603167,30.24482729489005,0.2466280505928768,-0.8547726171903051,0.22584627946233718,1.244186086806817,0.9934808696999532,42.46808428367091,12.305995868381885,66.4999991804362,-0.707042260331735,-0.8508287186384059,0.03763259223020501,120,0.0,-0.0060533985144341496,True,0.27520886505076136
CSLUF,PNK,0.01485447300673869,0.022566936323870006,0.11730277348422127,0.004978395257392082,0.01632615350029953,1.606059033466118,20.0,1656.4507762447408,0.026763005780346818,0.2007245260736739,-1.0000000021303233,0.01204618208852043,0.27132483184351297,0.989095082469816,61.27571140778627,0.0,100.0,0.09753784962525391,-0.17894737445935452,0.04162654529362937,120,0.03768115942028986,-0.005818443756056835,True,0.2746791276025259
DRSHF,PNK,0.11018110901069325,0.11905049706879227,0.22964054289139668,0.17671137867368475,0.8059613815528223,1.348654731197358,6.170321845628026,380556.2441246569,34.148731164009604,0.22081233220769841,-0.8445100413760809,0.2241653943749527,0.7469040186261738,1.015180727636028,60.84831978542176,19.205298797482257,95.92807929062973,26.928571922742588,-0.7576687043654222,0.26965205371030637,120,0.0,-0.0056757846883467855,True,0.2743574833378245
EZOO,PNK,0.10950730572389523,0.1554166056349023,1.1106379184193071,-0.05346697162080849,-0.1885519116242414,0.998709768576652,20.0,594.1508468182445,0.0032941176470588232,-0.27195377027679724,-0.9999999999979524,0.21828801451237523,10.227272511760065,1.2444174456776418,35.61257668635637,0.0,100.0,-0.9780000001192093,-0.9807017542483734,-0.016429861194274045,120,0.02355072463768116,-0.005641569649510847,True,0.27428034088074305
GOF,NYQ,0.020822208066994596,0.024121272068469788,0.09308300063456294,0.013380199916492306,0.047719136299786885,1.0764727754253183,5.291170588262506,1344879.707775031,2.2506146567867606,-0.4301557493229463,-0.9152710849137208,0.03178757563626014,0.21880199786034207,0.984009904926513,60.46417257845651,13.975634727161776,86.37002617489739,0.30237796412895634,-0.23815030229606196,0.10499542975337986,120,0.0,-0.005592864189604141,True,0.2741705277991766
ESSI,PNK,0.8854191036204383,1.2710610765632444,7.25313754669511,1.3392262519464775,13.81272063301329,1.1473483773037676,12.53724968577251,80783.91141390745,8.497680369668073,0.2260357892765129,-1.0,4.890019327568835,264.64705028573457,0.9959787584506008,47.98527071933789,0.0,100.0,-0.5555555831502974,-0.9981818182178973,0.14362626313316443,120,0.005072463768115942,-0.005553194351517687,True,0.27408108675552645
PEN.AX,ASX,0.09628446710063567,0.103640508867791,0.28351060979742126,-0.038174915072551746,-0.21396105203908114,1.411023587924435,18.597311309524567,3045674.0000956226,11.179056719596753,-0.14063754975702364,-1.0000000000000075,0.14607546945849448,0.6818181969920379,1.022298483674664,39.476749197587985,0.0,61.29032716596075,-0.7993100658984841,-0.9172866887838782,-0.05599409669344082,120,0.004710144927536232,-0.005330344726661607,True,0.27357864197668136
EMB.AX,ASX,0.009077659277264031,0.012391287994375052,0.046361829573109005,-0.007786831996366123,-0.02269294849048053,1.1464938005600867,20.0,743.1640732062799,inf,-0.09575596067784185,-0.9999999999999949,0.0046285309876624185,0.0842358332031738,1.0878796386461087,47.89183661456005,0.0,100.0,-0.21553662833299914,-0.2304787657148486,-0.12622806250346144,120,0.006521739130434782,-0.005325242451790557,True,0.27356713820425704
EMBYF,PNK,0.37182154332930156,0.5052622177263194,6.492308077986414,0.5486726678116506,0.9556243992656088,1.4623773121514667,20.0,3530.136581947316,0.5446453576864535,-0.0979599385126564,-0.9999999999994027,0.11082851913458927,4.142857237890062,1.6657619960173053,46.8384613132214,0.0,100.0,-0.9650000004656613,-0.9930000003539026,0.09636219103380263,120,0.05543478260869565,-0.005261621414969719,True,0.2734236959265508
GOAI,OQB,0.2191848053652019,0.2659454402536648,0.7383375923089486,0.05992159706138097,0.07381344211190803,1.7631436011498878,20.0,2443.786929904936,inf,-0.035036687180961444,-1.0000000000183877,0.2085661350457303,2.0699999928474426,1.0182693585864466,44.962811155908675,0.0,85.8513194281556,-0.6763790323312524,-0.90625,0.07808563953230313,120,0.009782608695652175,-0.005251162724727476,True,0.2734001153873905
CRERF,PNK,0.03815410779991173,0.039000014670587585,0.08578762463564034,-0.002026278153432799,-0.016088406265229956,0.9016963641894219,18.76760910255147,84285.65396227322,2.96,-0.03207909143061567,-0.5903829991758952,0.03503411937696816,0.15513308144727014,1.0256724507484918,46.48410264452124,12.168136511734787,72.55476413933536,-0.06382348805421156,-0.31164393190450124,-0.0017643965223431276,120,0.0,-0.005215785291364572,True,0.2733203521538038
AFJKU,NGM,0.006506700280909057,0.009011408944260382,0.02931108917243667,0.0055021465059614935,0.02187522892313899,0.680791210228172,17.9,56565.47653484089,0.0,0.05686729966654274,-0.8793827936551804,0.012221082167930079,0.1561106149906202,0.9285999472778427,65.2305068981278,27.27271601329693,100.0,0.10728348119665854,-0.04415819202298364,0.11588177262930117,97,0.07978484984311968,-0.005197293850085882,True,0.27327866068526396
AMS.AX,ASX,0.13204678662707747,0.12106009092771465,0.636439785165701,0.013145154028610969,-0.1392058739440272,1.5225715407584588,20.0,5553350.762988628,inf,-0.1503908728383167,-0.7738870229340356,0.16552630524837494,0.9782609065364348,1.0540857502056116,36.56865311886747,0.0,87.49999890860644,-0.7538461331256034,-0.9538461517520557,0.01848752626651692,120,0.04710144927536232,-0.005108641778237666,True,0.2730787825357598
BLTH,PNK,0.7322775970743615,1.0121742116073422,3.8999893546835,0.5301534386569026,0.5836031769856198,1.0054620743762817,5.902127737830333,2231.544021048407,0.7141122176341996,0.1558405858981668,-0.8970781263797258,0.9013652997443817,28.99999955296517,1.0000166718598353,48.17811339267516,27.39350741286465,78.26086956521739,-0.8240740740740741,-0.9942592592151077,0.1817568601520979,120,0.0,-0.005026137935685071,True,0.2728927664051426
DGZ,PCX,0.023641474704821207,0.02409872226982697,0.061324727146917224,-0.019104406471959157,-0.06231555136516239,1.2235949633523169,13.38006230529595,12640.601369471517,2.4488188976377954,0.1845498453207717,-0.5517345838397332,0.057629610525555465,0.17920352791981795,1.017842794098135,42.608269537060096,16.70844705566344,77.35843511338206,-0.4216765368193044,-0.46737511414208033,-0.166112486332952,120,0.0,-0.004706286700477624,True,0.27217161830699843
GV,NCM,0.23117526983865072,0.30238825083192206,1.5085853659630464,0.04394862720967923,-0.0916954696804564,1.2612106014262845,18.010196540997182,14731044.397175947,58.4129964118281,0.46590035696348026,-0.8858451093436073,0.3388291655099073,1.78000013033549,0.9910763220810258,43.94742694169281,9.930715816648444,84.24507719527783,-0.7643410812597077,-0.8533333301544189,0.06438361308387056,120,0.0,-0.004656567236762221,True,0.2720595190159769
4DS.AX,ASX,0.12482650334251479,0.14873279879820955,0.5182847012333736,0.07773017104748559,0.2856871781373454,1.145452318307071,8.344162275696828,34122304.49170483,1.1327055612891666,0.10427882500114771,-0.8295800461977233,0.19425515190759396,2.0000000931322597,1.0492378362400294,44.52665009995155,0.0,98.40000127553937,-0.683333336437742,-0.9454545499700486,0.03234996620268957,120,0.0,-0.0045101558754455096,True,0.2717294146951611
GIBO,NGM,0.07361468600661254,0.07977724429151017,0.7099686634744324,-0.12966676941365524,-0.2035173098410971,1.9870159541373618,17.74518138885348,507099.8982859099,1308.1977559607292,0.05048878146846781,-0.9316482868798697,0.195209299654904,3.537383276277761,0.9791556775860719,60.681078307171205,0.22274549736563642,100.0,-0.9987500000233743,-0.9992346938471405,-0.20424916075491953,112,0.05240683229813665,-0.004310741620408121,True,0.27127980814394737
AMRQF,OQX,0.06391790808513238,0.08793342144780165,0.18961760034230493,0.012259456617869122,0.06218385801033315,1.8185067850290038,17.49561630979724,70627.32130695342,83.3971244635193,-0.0918334069877825,-1.0000000000000033,0.1280072754936311,5.581202990199114,0.9604108153699328,46.074323280551866,0.0,95.86998526013559,0.12037036117212319,-0.4400000174840291,0.054429408319115115,82,0.07688229056203605,-0.004139688398593966,True,0.2708941453982252
AMBO,ASE,0.15704341584638487,0.18220431155598174,0.7384536927123515,0.0519034324589122,0.11081896650866783,1.07667092949581,19.687762725212043,1736548.891315178,22.214263784517073,0.3769658398808229,-0.9540688221192536,0.27472928685803905,1.7266667286554973,1.010790315922049,47.825313624037044,18.439717631208012,78.39239210303342,1.578475314268828,-0.6366666555404663,0.1111089691508748,120,0.0,-0.004028347382653286,True,0.27064311193937685
ACPS,PNK,0.1078431254235044,0.1316818579209896,0.6420912494195402,-0.016017812598638444,-0.05365692091632615,1.422228751487644,20.0,12437.810446833862,inf,-0.27314144035120513,-1.0,0.9246920925848152,103.16666252745539,1.002217436091333,48.25623268217336,0.0,100.0,-0.9955184001922608,-0.997920000076294,-0.01283694315378282,120,0.05434782608695652,-0.003983849808178397,True,0.2705427861076388
PCX.AX,ASX,0.02176575601304101,0.012672081629414904,0.4439911465274366,inf,inf,1.1175263815571703,2.5452750937276827,266571.2627965487,1.0140317382481914,-0.20030356031274477,-0.6069649763594076,0.02755344433252978,0.0677083323632056,1.0040729906365815,57.781348167848435,6.461925089142497,97.03140225775536,0.07794479932286191,-1.0,0.0,60,0.13840579710144926,-0.003907169340184036,True,0.27036989956673463
BDM.AX,ASX,0.09052766886292313,0.0895744788011594,0.25781197457772986,-0.09188240168021458,-0.29559741562657715,1.279377940484724,20.0,3599923.9427520344,0.6784201737562161,-0.08441932379146354,-1.0000000000000018,0.17353388505347794,0.5333333167764882,1.0389768078338868,33.67288074700794,0.0,68.29268381327552,-0.9433333325054911,-0.9433333325054911,-0.18601128001248854,120,0.002173913043478261,-0.003874538807056238,True,0.2702963295932085
FILG,PNK,0.2815132457790152,0.3169655756721171,0.7862524783099439,0.15171805596137855,0.6548534738569286,1.4954458009603138,7.927815805849409,29369.309826003642,171.13119402985075,-0.19623031058747464,-0.835687213841997,0.35298286174555155,3.523364830476427,1.0296183183780205,49.05360717009,9.425436005475092,92.4566367855375,-0.8876206874847412,-0.9926571430478777,0.1038308006996877,120,0.0,-0.003395507929613628,True,0.26921628934888664
CBLO,PNK,0.24828210326611053,0.30232031615404664,0.9380756613458108,0.35458400787202493,0.991952798767469,1.5487640662215176,11.77849192215866,298280.9774786359,191.34178490103346,0.05551164191914039,-0.9801419413050831,0.40072996361616425,3.325000065968682,1.042617206267581,40.10781521396732,0.0,100.0,2.0911901548235257,-0.9153846127394387,0.1559584967643411,120,0.0010869565217391304,-0.0033695554338692424,True,0.26915777591861634
CEPO,NGM,0.022413060346927364,0.032600988304552,0.04779435368429147,0.008608130296150339,0.0643932110853686,0.9401339436010184,6.940180336880451,2850432.7828775705,0.9747434621528271,0.4831556906245096,-0.8582206120906132,0.045709163512780274,0.38524589202827536,0.8247669272177828,61.24117798252942,22.160666356700546,97.99106781732026,0.05373133846811817,-0.17106317379452443,0.06093009580258432,40,0.14673913043478262,-0.0033339984521472132,True,0.2690776078688417
VGS.AX,ASX,0.014724242020473448,0.01570917963688913,0.03468161479008563,0.01938698837846469,0.07966006900440016,1.0438532872684079,4.138685576186052,195217.63271320605,1.4234166269814723,-0.22974346254982866,-0.8907856857486901,0.019065664394042062,0.08864291042770568,0.9966118300992249,67.76008013020397,30.921940118280986,95.65597320297456,0.5450031532192232,-0.10732214132275754,0.2495562071270909,120,0.0,-0.0031582745921673316,True,0.2686814145343346
BENF,NCM,0.19489761509206677,0.21071233048249488,0.7527066110548157,-0.17783589506028052,-0.6147153987180459,1.6589548485580239,16.038930528005444,15852831.130183998,5514.261031852965,0.16042787731815075,-0.8162190554608914,0.3575387342027892,1.6334310418325313,1.0215753251565305,29.10401092521388,4.495734451348639,81.05590194331523,-0.9980204166223605,-0.9989661948987659,-0.09113450419526777,120,0.0,-0.003112162382327477,True,0.2685774482876335
DRDB,NGM,0.002624792474353634,0.003446868744172565,0.005194344852403919,0.005917478509272918,0.02531016391033522,0.6218319250053225,1.7515122477091694,503095.04315701313,0.43249600307910946,0.003311884449316733,-0.6537056179752891,0.005152464797962611,0.013592266090314067,0.9542004632669865,69.99090273840874,37.99977874502654,91.48937465378599,0.0423814412473098,-0.010617727830362321,0.3968770605640244,36,0.16304347826086957,-0.003110836518185278,True,0.26857445894665466
AITTF,PNK,0.21869114334796633,0.44232098473304204,2.431829560867497,0.5593868972624142,0.38605634995371974,1.0466852285201438,20.0,799.3930567268891,0.0,0.21029441180569847,-1.0000000000000333,0.6726328446267844,35.065574271068314,0.8998982117499004,59.27664281650418,0.0,100.0,-0.4130629454738378,-0.9756000004708767,0.11885635267910175,84,0.11076604554865424,-0.002957840075673568,True,0.26822950766494835
MPW.AX,ASX,0.268878281497592,0.47424129689582295,5.366563072465684,0.5998150253535024,1.1991012658114273,1.7478589677838063,20.0,626258.5768914227,inf,0.157825172854605,-0.9457422364432944,0.15305628998664925,10.956250042375176,1.0448154643525882,67.75307818851591,4.037097617929206,100.0,7.5241374139411725,-0.9183023909449409,0.10209856727145955,120,0.09384057971014492,-0.0027775180607036987,True,0.2678229471648311
BKFAF,PNK,0.015888803232486287,0.022171070383864254,0.08156361732543606,-0.00026596567888198807,-0.0008201432446840444,1.1415431668303386,20.0,625.623731050418,0.15789473684210525,-0.27165649601024133,-0.9999999648963246,0.009304330501674778,0.33235753091050324,1.326396127337107,64.31313389694735,12.997724995901208,100.0,-0.05312368263844269,-0.21179527289653627,-0.005297222479873973,120,0.025362318840579712,-0.0027325541845932833,True,0.2677215699926554
HSPOU,NCM,0.009335745276977185,0.01142476162833244,0.04565026492477739,0.007418032894383283,0.027478070120392776,0.9968245675703123,18.519726623174897,3299.7467221130887,0.34915924826904055,0.25752395748368895,-0.9999999999999986,0.010161977661549417,0.17647052560924595,1.0840018678406227,66.97392181352916,0.0,100.0,0.17758783788985277,-0.06370967630293066,0.10986378895533629,120,0.0014492753623188406,-0.0026519426850353245,True,0.26753982040661095
FOXX,NCM,0.0715988041646421,0.07341720973015861,0.5003266233122318,-0.02067589974363154,-0.06214698513329528,1.2764903929041638,16.09542879812579,1066019.2663984613,2.0401657458563536,0.29520719237137194,-0.33530417875832635,0.14775118237577287,1.3709936507296068,1.046947494054356,58.83123492874418,16.609587048774927,88.70958810554392,-0.6083141020021875,-0.7544510344819779,-0.014793084870763069,120,0.0,-0.0025467117417408147,True,0.2673025629372954
ACR-PC,NYQ,0.013587312129884855,0.01576731054314814,0.04924170848404453,0.018535665877728376,0.0717721486012154,1.0008174003285955,3.228132821332746,25034.338415309903,1.0487367850214402,-0.11448059558178428,-0.924866042727941,0.019280483991599155,0.11536807395553583,0.9733506197934788,67.79928272776117,44.343202321969976,84.5080627327391,0.3728073244110386,-0.06719555270583029,0.21226326359350528,120,0.0,-0.0022429517203689797,True,0.2666176946685752
ALCYU,NCM,0.01216347802742802,0.0152667807460153,0.07431078930229214,0.003824490662530327,0.019001156400848478,0.8290888748360622,8.831168831168831,31116.612040467862,0.2814569536423841,0.21618887945226103,-1.000000000000018,0.012204928274541563,0.20370368244553172,1.0537980203581967,68.0012641945555,0.0,100.0,0.1263467146947388,-0.10743802890500065,0.061992479012088854,120,0.021376811594202898,-0.0022394166370525714,True,0.266609724342593
IVAUF,PNK,0.008156371233542273,0.009139512743321821,0.12104416731761362,0.008384787610408288,0.014830749735924843,1.1116776826465464,20.0,2531.405954455287,0.011212353458798148,-0.02166756570365291,-0.9999999995316696,0.008501204848176964,0.21300926311581697,1.3483133033149126,63.369051997110056,0.0,100.0,0.3111527339348781,-0.08249998092651367,0.09709603612685302,120,0.03804347826086957,-0.0021695656603221702,True,0.2664522358183108
FBCD,PNK,0.4229587998224383,0.557629278143959,1.9664689166117013,0.18857639299424747,0.2276388978827815,1.0050782823513453,11.940072862359381,8616617.769453716,1.115594209093104,-0.08375345457239872,-0.8691988558205881,0.6761111145469804,9.0,1.0118478499046188,47.91484330482773,0.0,100.0,0.5000001091393669,-0.95,0.17558617119490136,120,0.004710144927536232,-0.002156153189612764,True,0.26642199557947843
ATPC,NCM,0.14413164743922746,0.1472867927656133,0.5308046655256131,-0.13266933982585927,-0.3584735912112672,1.2377014160857538,17.73935676754704,9311239.314020023,3.7195697200507785,0.17467030141123677,-0.7927854513492283,0.3470834218690747,4.337499976158142,1.0527262013525502,35.134843389340965,8.011363809697386,72.21777255350322,-0.9929629630512662,-0.9942222222869779,-0.15923452527024767,109,0.053849222177901876,-0.0020111480236284507,True,0.26609506171723196
BON,NCM,0.11842028663648797,0.13763872334024488,0.5523674359006702,-0.09087033697491026,-0.40169281589150524,1.5733386126034432,18.46930688073275,4550863.777559099,3595.054437992534,0.20580156833268182,-0.5914916944332372,0.29306839916747385,4.168604455166996,0.995885955886026,37.512443644021886,2.8043775034073235,78.4615346524848,-0.9855670109647247,-0.9925333333898474,-0.11265900961436599,120,0.0,-0.001920498450702579,True,0.2658906799299593
DAVE,NGM,0.1288396743938717,0.13870071353834182,0.28809827388347475,0.2292408902647301,1.2114349343586166,1.271092436199011,5.892844986043978,657453.1481624527,29.379983370946665,0.1258860010565407,-0.7924771655335249,0.19244829529496896,0.6525000466240777,0.9952569198714887,63.03593081972446,34.996925483489605,97.10673983026956,35.59850095993673,-0.39641942702663185,0.2772277979834651,120,0.0,-0.0017371037279731438,True,0.26547719159241934
BWLP,NYQ,0.06217577549459368,0.06893325397702792,0.13552594473342858,0.04574985485948234,0.22395951709915665,1.617973813360048,8.6869491043503,391548.5623539592,131.41133333333335,-0.18845634680567286,-0.7730188945862262,0.08420018163991445,0.29642441432627814,1.007695743728302,58.02152202284477,28.060826681905198,88.05994648505579,0.9004424233872148,-0.533746731318255,0.10744748894882432,120,0.0,-0.001728091104893803,True,0.26545687140829144
BEAR.AX,ASX,0.014477180659359127,0.015154701583728758,0.028355461736311465,-0.006501046362632644,-0.02197100033308767,0.9228176383840925,5.948094174976355,271685.2418441745,0.3858266228516835,0.13469840720920231,-0.5267563817564385,0.02075605228083109,0.09472421431645794,0.984483386586128,43.083290248311066,5.217385895987306,71.93549101608141,-0.15547700004830156,-0.20754720476053884,-0.09500430576070328,120,0.0,-0.0016731353764438683,True,0.2653329662464805
GDST,PNK,0.009230363502865045,0.00954267257079097,0.07807408796929416,0.0025675598993152907,0.01952342233625494,0.9776624299724259,15.955678670360111,96899.88448925545,0.004089331173339505,0.27051507319966217,-0.507877410548712,0.013099472407643604,0.1290613142010886,0.952097167580456,63.6660538501577,25.000000000000014,94.23065284331723,0.03766483771327578,-0.09747898189894033,0.029607841986517627,120,0.0,-0.0016146754735713587,True,0.26520116044699105
ATEX,NCM,0.05621580019661681,0.06704149451875248,0.22247044003238287,-0.008292061982124106,-0.03320208374803297,1.044353419107807,3.2432388755565253,358651.65010912146,1.1982609215387958,0.3984265147708357,-0.6594737346681286,0.08338870742678725,0.3403745142693577,1.0063765287258526,44.641223365549486,5.717764619960207,68.63420777443815,-0.3379615276532143,-0.49639943305137596,-0.017280946076697196,120,0.0,-0.0015434625574465288,True,0.2650406012451689
GTI,NGM,0.22006189497069684,0.2774178081598884,1.7617700412826516,-0.11715203537129382,-0.39695896172717476,1.7446168774037385,18.555233501482075,831358.1828894258,6021.343771746695,0.3366061097508579,-0.8836353879751722,0.33078183174680037,3.391304383881826,1.021108567479454,47.82197042908088,2.2657050182922234,97.92539439666544,-0.9940443213938747,-0.9951977399782946,0.010944398759790554,120,0.0,-0.0015188555607329457,True,0.26498512142540354
FRAR.AX,ASX,0.006089161130756621,0.006498212102017768,0.016089846009714394,0.00657575103962318,0.026335536417365916,1.452047174590803,19.6705846676666,944997.9401386292,52.48312967617067,0.17979507777043582,-0.6138262571017239,0.009158532658003128,0.05445551215498049,0.9486666094872355,64.7076043938498,46.79501334134907,79.70956730158153,0.10006261512405978,-0.02754649571458565,0.20082395568236905,77,0.07622811970638058,-0.0014534048155057655,True,0.2648375538213201
UBER,NYQ,0.04916195218945858,0.05412706230310151,0.10331320880175505,0.04289842307230794,0.19564252153773207,0.9857517727350718,4.000939712129918,43402423.57678282,0.8360523645408764,0.17000673367686045,-0.6655138011574122,0.07589992742101934,0.21213885186184941,0.9947431429390948,59.67049917257755,24.42109838677473,93.29664748408881,1.2291186033736747,-0.3058836825676899,0.1526197468464734,120,0.0,-0.0014228311286312856,True,0.2647686212873298
BEAGU,NGM,0.006345441521236309,0.00895530893200299,0.020229687527275986,0.007001872149587399,0.03503907666743396,0.5093911687697119,4.551785122139936,160984.84489906984,0.0025215434293355946,-0.22434752014514728,-0.8867841060181675,0.017718590320225665,0.13376991218969786,0.8599030143281661,61.68076423686057,27.99994913724045,83.9219652103316,0.07899999618530273,-0.034608303880603444,0.20162018079630922,51,0.11508951406649616,-0.0013802015186382688,True,0.26467250703549283
APLD,NMS,0.15366326885974313,0.20155907084346686,0.5029483888279379,0.10666275283575556,0.4975253206216184,1.19218016017027,5.782142675533896,45922158.73286898,5.387641903982195,0.1504515968193931,-0.7201028414814306,0.2356172281106165,0.5987342327608732,0.9868140404175997,52.54657388538541,17.40260331380108,85.68830029811721,2.635294148846217,-0.7373737268751717,0.1455111577537932,120,0.0,-0.0013228564059469816,True,0.2645432146820387
CICB,NYQ,0.009014753351475975,0.009535343444958478,0.016012922819881557,0.0063183129204671395,0.024199275030230137,0.5784677239237906,1.7676199054267057,74972.95913023049,0.07611030733482398,-0.2234836544602117,-0.5574092978223716,0.01378596881333982,0.03032662159677868,1.0031538388782526,58.371998762669406,44.25980040978901,75.66190871089387,0.07526268620469745,-0.026827343146959344,0.1552245890412308,53,0.11074651353568499,-0.0012442754855040983,True,0.2643660433126954
EURKU,NCM,0.004088710587580263,0.0053054129735885655,0.01561132498743584,0.005736716257224111,0.021763681872449012,0.7890393444600831,5.882352941176471,42475.43474685069,0.00024899955535793685,0.09153750251291297,-1.0000000000001035,0.004448001912003119,0.10175766316100943,0.959558878377015,73.95152331868218,21.428474114441414,100.0,0.08057156867689952,-0.01743115477364758,0.2213179092285819,67,0.08760545100584036,-0.0011507587036130307,True,0.2641551970129725
TD1.AX,ASX,0.19480294919004104,0.22657988329010734,0.6123724356957946,0.01666666634329095,-0.027222223336790925,0.9728750081938239,8.810566269065772,7602015.688188032,0.5878127403201436,0.3027903471832781,-0.42255734883241614,0.19791666464556742,1.0,0.9421487564261607,46.37912134476874,0.0,100.0,0.0,-0.5,0.09914537171861112,120,0.02753623188405797,-0.0011188466308981182,True,0.26408324690613216
BMNM,OQB,0.12111836278517532,0.12640075849584623,0.40391766326000844,0.024783829176643315,0.05240388234657622,1.0283334305450522,11.79032853451458,20774.36767805202,2.6149635036496353,0.39583402735556383,-0.5131267196415923,0.1332471468998271,0.4999999548449679,1.0240606204005143,52.53094893262699,27.5862059515713,77.77778023064346,0.25,-0.35643566109341596,0.08353100868281205,120,0.0,-0.0010538691036239833,True,0.2639367462362646
FGNV,OQB,0.2414852041295464,0.2922745754055257,3.9311770071400978,0.04587658813999968,-0.18503893787030692,1.0098983916277844,20.0,3465.091325742709,56.1,-0.20141449524344257,-1.0000000000000862,0.11570515189878065,6.692307648221417,1.2826459649285498,36.700776051767676,0.0,100.0,-0.93599999944369,-0.991666666715943,0.07969496313000221,120,0.04492753623188406,-0.0009916115964601624,True,0.26379637822156154
HAMRF,PNK,0.21415236669551838,0.22017446146330347,0.831394598641141,0.050467346792745234,-0.04464661395525242,1.2036010864689355,20.0,316292.31150369893,4.218339492259354,-0.01983380066236022,-1.0000000000000244,0.38954374351073445,3.2000001043081268,1.0407392660369446,40.02846536131767,0.0,62.01923084043382,-0.38567072772523436,-0.9234693874641849,0.10909283561409391,120,0.01884057971014493,-0.0009793898145845081,True,0.26376882255259604
GOOGL,NMS,0.039270925700053826,0.041118813403105345,0.06982647708887281,0.032368448540334924,0.12182754311881243,1.0046725088842416,1.848744492706039,42403792.975591406,1.165698927048808,0.06107058134354945,-0.7727694089737678,0.058794060722684095,0.1567488075050711,1.0015262947078767,58.79517938371369,20.111368701675403,88.6125133727922,1.0221069243128698,-0.2855225618933181,0.16167592531325534,120,0.0,-0.0008682393903148289,True,0.2635182188085836
GETR,PNK,0.27690638302993376,0.2803649657595233,2.4589592921361563,-0.06605100473458618,-0.3774344669272601,0.8350735741362295,13.614442880781738,13240858.655054037,0.04966863386692872,0.20756577743691623,-0.6154205206720926,0.6417270234509149,15.0,1.2463498075552277,37.48864535466737,5.47196010049619,63.98714206903082,-0.999142857087548,-0.9994914392173025,0.03548984707420822,120,0.0,-0.000577407765998128,True,0.26286249936882544
WBE.AX,ASX,0.13093597574286975,0.14737503950104294,0.4861210790613428,-0.07154130330045409,-0.30598941932189816,1.2347423355788172,16.1488678532481,1956726.5702098554,104.97440659230227,0.05578403479121051,-0.9995456735553452,0.18262837490381803,2.1874999636202137,1.0304449298926532,38.08809154905301,0.0,60.0,-0.9000000037252902,-0.9199999973922969,-0.047280904480782066,120,0.006521739130434782,-0.0004922642166358404,True,0.26267053166029986
FDCT,PNK,1.355300202035776,1.8967046173150943,15.20039494144728,3.2438235210832373,36.88272816569632,1.4052827295090073,12.117563237046669,773308.7828801295,2.6119804712818597,0.1461907039648432,-0.712869812145612,0.6953561002369029,15.800000014551914,1.014008302028112,48.97881014310186,0.0,88.0778602039855,5.502057992959201,-0.997500000007276,0.15949206872973312,120,0.0,-0.00045764692868177637,True,0.2625924822778899
HAO,NCM,0.7253838551534141,1.5200670760400936,9.737494841766706,0.6851379714494289,1.7426694960598226,1.5155375377635016,16.945568925244515,7466015.090008515,4.77046342318231,0.08113715037040745,-0.972038676277152,0.38096294982483486,5.603448334332739,0.9769871508728895,42.167126747553695,3.1645573547894656,91.26771256421068,-0.7727272727272727,-0.9884393056762808,0.09429560035948509,90,0.06521739130434782,-0.0003105086538963131,True,0.26226073903182445
EBCRY,PNK,0.09389128784763638,0.1732150520666912,0.987967843366894,0.12716007050338035,0.6485183469049515,0.6567293588075087,20.0,461.89081894224796,0.16530291759649557,-0.06797713348981392,-1.0000000000017877,0.025298262751994552,0.3492229647782716,1.1013175067876226,51.30605851735148,0.0,100.0,1.2562964359554094,-0.4722222589562074,0.09337194490364777,92,0.0893194706994329,-0.00030678606652756457,True,0.2622523459524624
BONXF,OQX,0.08983210728341101,0.09635538975681794,0.20966923790563155,-0.006838299697984893,-0.03721204396782915,1.1661397832930296,7.639069057611598,444583.8440004474,3.8041138023836987,0.35725097718777915,-0.5312682531626662,0.15931447458218,0.406698520927896,1.0102485370571985,44.96457914600164,10.68703991973851,66.95652016169186,-0.2222222222222222,-0.3909090724365769,0.023923530646261928,120,0.0,-0.00026451022856105455,True,0.26215702932775964
CDAUF,PNK,0.008816568501159312,0.011023886974324427,0.038362274462450136,-0.0003918181429075092,-0.0008480129510096125,0.6705980832904891,16.710598979583427,4378.399811938865,0.0,0.1253959665812427,-0.999999995303124,0.008626235767868267,0.11181814020330255,0.9844631124109935,53.01778781784462,5.128201993180014,100.0,-0.019267804148372925,-0.10283686833976204,-0.0050603019091077315,120,0.01956521739130435,-0.0001777417509170598,True,0.2619613979974905
DTCK,NCM,0.13178248574118415,0.12859407233665562,0.4631883160636319,-0.02665021644794497,-0.07832559421678041,0.9096594356800387,18.974306373115613,3183819.1672219406,0.18529651259262855,0.22709007125730357,-0.8026469079685374,0.2770751939055108,4.3029943304203195,1.0597955319597834,46.13457413662326,10.337551405546648,72.39056923157855,-0.8522376243765944,-0.9172277233963118,-0.0268762109516714,108,0.05434782608695652,-3.60334738880308e-07,True,0.2615614674771658
